Version,Version_Season,Season,Full_Name,Castaway_Id,Age,City,State,Episode,Day,Order,Result,Jury_Status,Place,Original_Tribe,Jury,Finalist,Winner,Season Castaway ID,Finale_Categorization,Era
US,US01,1,Sonja Christopher,US0001,63.0,Walnut Creek,California,1.0,3.0,1.0,1st voted out,nan,16,Tagi,False,False,False,US01US0001,Voted out pre-jury,Old School (pre-advantage)
US,US01,1,B.B. Andersen,US0002,64.0,Mission Hills,Kansas,2.0,6.0,2.0,2nd voted out,nan,15,Pagong,False,False,False,US01US0002,Voted out pre-jury,Old School (pre-advantage)
US,US01,1,Stacey Stillman,US0003,27.0,San Francisco,California,3.0,9.0,3.0,3rd voted out,nan,14,Tagi,False,False,False,US01US0003,Voted out pre-jury,Old School (pre-advantage)
US,US01,1,Ramona Gray,US0004,29.0,Edison,New Jersey,4.0,12.0,4.0,4th voted out,nan,13,Pagong,False,False,False,US01US0004,Voted out pre-jury,Old School (pre-advantage)
US,US01,1,Dirk Been,US0005,23.0,Spring Green,Wisconsin,5.0,15.0,5.0,5th voted out,nan,12,Tagi,False,False,False,US01US0005,Voted out pre-jury,Old School (pre-advantage)
US,US01,1,Joel Klug,US0006,27.0,Sherwood,Arkansas,6.0,18.0,6.0,6th voted out,nan,11,Pagong,False,False,False,US01US0006,Voted out pre-jury,Old School (pre-advantage)
US,US01,1,Gretchen Cordy,US0007,38.0,Clarksville,Tennessee,7.0,21.0,7.0,7th voted out,nan,10,Pagong,False,False,False,US01US0007,Voted out pre-jury,Old School (pre-advantage)
US,US01,1,Greg Buis,US0008,24.0,Gold Hill,Colorado,8.0,24.0,8.0,8th voted out,1st jury member,9,Pagong,True,False,False,US01US0008,Jury,Old School (pre-advantage)
US,US01,1,Jenna Lewis,US0009,22.0,Franklin,New Hampshire,9.0,27.0,9.0,9th voted out,2nd jury member,8,Pagong,True,False,False,US01US0009,Jury,Old School (pre-advantage)
US,US08,8,Jenna Lewis,US0009,26.0,Burbank,California,16.0,38.0,16.0,14th voted out,7th jury member,3,Saboga,True,False,False,US08US0009,Jury,Old School (pre-advantage)
US,US50,50,Jenna Lewis,US0009,,nan,nan,,,,nan,nan,24,nan,False,True,True,US50US0009,Winner,New Era
US,US01,1,Gervase Peterson,US0010,30.0,Willingboro,New Jersey,10.0,30.0,10.0,10th voted out,3rd jury member,7,Pagong,True,False,False,US01US0010,Jury,Old School (pre-advantage)
US,US27,27,Gervase Peterson,US0010,43.0,Philadelphia,Pennsylvania,14.0,39.0,21.0,2nd runner-up,nan,3,Galang,False,True,False,US27US0010,Finalist,New School
US,US01,1,Colleen Haskell,US0011,23.0,Miami Beach,Florida,11.0,33.0,11.0,11th voted out,4th jury member,6,Pagong,True,False,False,US01US0011,Jury,Old School (pre-advantage)
US,US01,1,Sean Kenniff,US0012,30.0,Carle Place,New York,12.0,36.0,12.0,12th voted out,5th jury member,5,Tagi,True,False,False,US01US0012,Jury,Old School (pre-advantage)
US,US01,1,Susan Hawk,US0013,38.0,Palmyra,Wisconsin,13.0,37.0,13.0,13th voted out,6th jury member,4,Tagi,True,False,False,US01US0013,Jury,Old School (pre-advantage)
US,US08,8,Susan Hawk,US0013,42.0,Las Vegas,Nevada,6.0,17.0,6.0,Quit,nan,13,Chapera,False,False,False,US08US0013,Voted out pre-jury,Old School (pre-advantage)
US,US01,1,Rudy Boesch,US0014,72.0,Virginia Beach,Virginia,13.0,38.0,14.0,14th voted out,7th jury member,3,Tagi,True,False,False,US01US0014,Jury,Old School (pre-advantage)
US,US08,8,Rudy Boesch,US0014,75.0,Virginia Beach,Virginia,2.0,6.0,2.0,2nd voted out,nan,17,Saboga,False,False,False,US08US0014,Voted out pre-jury,Old School (pre-advantage)
US,US01,1,Kelly Wiglesworth,US0015,22.0,Kernville,California,13.0,39.0,15.0,Runner-up,nan,2,Tagi,False,True,False,US01US0015,Finalist,Old School (pre-advantage)
US,US31,31,Kelly Wiglesworth,US0015,37.0,Greensboro,North Carolina,9.0,24.0,10.0,9th voted out,3rd jury member,11,Ta Keo,True,False,False,US31US0015,Jury,New School
US,US01,1,Richard Hatch,US0016,39.0,Newport,Rhode Island,13.0,39.0,16.0,Sole Survivor,nan,1,Tagi,False,True,True,US01US0016,Winner,Old School (pre-advantage)
US,US08,8,Richard Hatch,US0016,42.0,Middletown,Rhode Island,5.0,15.0,5.0,4th voted out,nan,14,Mogo Mogo,False,False,False,US08US0016,Voted out pre-jury,Old School (pre-advantage)
US,US02,2,Debb Eaton,US0017,45.0,Milan,New Hampshire,1.0,3.0,1.0,1st voted out,nan,16,Kucha,False,False,False,US02US0017,Voted out pre-jury,Old School (pre-advantage)
US,US02,2,Kel Gleason,US0018,32.0,Fort Hood,Texas,2.0,6.0,2.0,2nd voted out,nan,15,Ogakor,False,False,False,US02US0018,Voted out pre-jury,Old School (pre-advantage)
US,US02,2,Maralyn Hershey,US0019,51.0,Wakefield,Virginia,3.0,9.0,3.0,3rd voted out,nan,14,Ogakor,False,False,False,US02US0019,Voted out pre-jury,Old School (pre-advantage)
US,US02,2,Mitchell Olson,US0020,23.0,Union City,New Jersey,4.0,12.0,4.0,4th voted out,nan,13,Ogakor,False,False,False,US02US0020,Voted out pre-jury,Old School (pre-advantage)
US,US02,2,Kimmi Kappenberg,US0021,27.0,Ronkonkoma,New York,5.0,15.0,5.0,5th voted out,nan,12,Kucha,False,False,False,US02US0021,Voted out pre-jury,Old School (pre-advantage)
US,US31,31,Kimmi Kappenberg,US0021,42.0,The Woodlands,Texas,14.0,36.0,15.0,14th voted out,8th jury member,6,Bayon,True,False,False,US31US0021,Jury,New School
US,US02,2,Michael Skupin,US0022,38.0,White Lake,Michigan,6.0,17.0,6.0,Medically evacuated,nan,11,Kucha,False,False,False,US02US0022,Voted out pre-jury,Old School (pre-advantage)
US,US25,25,Michael Skupin,US0022,50.0,White Lake,Michigan,14.0,39.0,17.0,Runner-up,nan,2,Tandang,False,True,False,US25US0022,Finalist,New School
US,US02,2,Jeff Varner,US0023,34.0,Manhattan,New York,7.0,21.0,7.0,6th voted out,nan,10,Kucha,False,False,False,US02US0023,Voted out pre-jury,Old School (pre-advantage)
US,US31,31,Jeff Varner,US0023,49.0,Greensboro,North Carolina,4.0,11.0,4.0,4th voted out,nan,17,Ta Keo,False,False,False,US31US0023,Voted out pre-jury,New School
US,US34,34,Jeff Varner,US0023,50.0,High Point,North Carolina,6.0,18.0,7.0,7th voted out,nan,14,Mana,False,False,False,US34US0023,Voted out pre-jury,New School
US,US02,2,Alicia Calaway,US0024,32.0,Manhattan,New York,8.0,24.0,8.0,7th voted out,1st jury member,9,Kucha,True,False,False,US02US0024,Jury,Old School (pre-advantage)
US,US08,8,Alicia Calaway,US0024,35.0,New York City,New York,13.0,30.0,12.0,10th voted out,3rd jury member,7,Chapera,True,False,False,US08US0024,Jury,Old School (pre-advantage)
US,US02,2,Jerri Manthey,US0025,30.0,Los Angeles,California,10.0,27.0,9.0,8th voted out,2nd jury member,8,Ogakor,True,False,False,US02US0025,Jury,Old School (pre-advantage)
US,US08,8,Jerri Manthey,US0025,33.0,Los Angeles,California,10.0,24.0,9.0,7th voted out,nan,10,Saboga,False,False,False,US08US0025,Voted out pre-jury,Old School (pre-advantage)
US,US20,20,Jerri Manthey,US0025,38.0,Los Angeles,California,14.0,38.0,17.0,17th voted out,9th jury member,4,Villains,True,False,False,US20US0025,Jury,Old School (with advantages)
US,US02,2,Nick Brown,US0026,23.0,Steilacoom,Washington,11.0,30.0,10.0,9th voted out,3rd jury member,7,Kucha,True,False,False,US02US0026,Jury,Old School (pre-advantage)
US,US02,2,Amber Brkich,US0027,22.0,Beaver,Pennsylvania,12.0,33.0,11.0,10th voted out,4th jury member,6,Ogakor,True,False,False,US02US0027,Jury,Old School (pre-advantage)
US,US08,8,Amber Brkich,US0027,25.0,Beaver,Pennsylvania,16.0,39.0,18.0,Sole Survivor,nan,1,Chapera,False,True,True,US08US0027,Winner,Old School (pre-advantage)
US,US40,40,Amber Mariano,US0027,40.0,Pensacola,Florida,1.0,3.0,2.0,2nd voted out,1st jury member,20,Dakal,True,False,False,US40US0027,Jury,New School
US,US02,2,Rodger Bingham,US0028,53.0,Crittenden,Kentucky,13.0,36.0,12.0,11th voted out,5th jury member,5,Kucha,True,False,False,US02US0028,Jury,Old School (pre-advantage)
US,US02,2,Elisabeth Filarski,US0029,23.0,Newton,Massachusetts,14.0,39.0,13.0,12th voted out,6th jury member,4,Kucha,True,False,False,US02US0029,Jury,Old School (pre-advantage)
US,US02,2,Keith Famie,US0030,40.0,West Bloomfield,Michigan,15.0,41.0,14.0,13th voted out,7th jury member,3,Ogakor,True,False,False,US02US0030,Jury,Old School (pre-advantage)
US,US02,2,Colby Donaldson,US0031,26.0,Dallas,Texas,15.0,42.0,15.0,Runner-up,nan,2,Ogakor,False,True,False,US02US0031,Finalist,Old School (pre-advantage)
US,US08,8,Colby Donaldson,US0031,29.0,Los Angeles,California,7.0,19.0,7.0,5th voted out,nan,12,Mogo Mogo,False,False,False,US08US0031,Voted out pre-jury,Old School (pre-advantage)
US,US20,20,Colby Donaldson,US0031,35.0,Los Angeles,California,14.0,37.0,16.0,16th voted out,8th jury member,5,Heroes,True,False,False,US20US0031,Jury,Old School (with advantages)
US,US50,50,Colby Donaldson,US0031,,nan,nan,,,,nan,nan,23,nan,False,True,True,US50US0031,Winner,New Era
US,US02,2,Tina Wesson,US0032,40.0,Knoxville,Tennessee,15.0,42.0,16.0,Sole Survivor,nan,1,Ogakor,False,True,True,US02US0032,Winner,Old School (pre-advantage)
US,US08,8,Tina Wesson,US0032,42.0,Knoxville,Tennessee,1.0,3.0,1.0,1st voted out,nan,18,Saboga,False,False,False,US08US0032,Voted out pre-jury,Old School (pre-advantage)
US,US27,27,Tina Wesson,US0032,52.0,Robbinsville,North Carolina,14.0,38.0,20.0,17th voted out,8th jury member,4,Galang,True,False,False,US27US0032,Jury,New School
US,US03,3,Diane Ogden,US0033,42.0,Lincoln,Nebraska,1.0,3.0,1.0,1st voted out,nan,16,Boran,False,False,False,US03US0033,Voted out pre-jury,Old School (pre-advantage)
US,US03,3,Jessie Camacho,US0034,26.0,Orlando,Florida,2.0,6.0,2.0,2nd voted out,nan,15,Boran,False,False,False,US03US0034,Voted out pre-jury,Old School (pre-advantage)
US,US03,3,Carl Bilancione,US0035,46.0,Winter Springs,Florida,3.0,9.0,3.0,3rd voted out,nan,14,Samburu,False,False,False,US03US0035,Voted out pre-jury,Old School (pre-advantage)
US,US03,3,Linda Spencer,US0036,44.0,Boston,Massachusetts,4.0,12.0,4.0,4th voted out,nan,13,Samburu,False,False,False,US03US0036,Voted out pre-jury,Old School (pre-advantage)
US,US03,3,Silas Gaither,US0037,23.0,Los Angeles,California,5.0,15.0,5.0,5th voted out,nan,12,Samburu,False,False,False,US03US0037,Voted out pre-jury,Old School (pre-advantage)
US,US03,3,Lindsey Richter,US0038,26.0,Portland,Oregon,6.0,18.0,6.0,6th voted out,nan,11,Samburu,False,False,False,US03US0038,Voted out pre-jury,Old School (pre-advantage)
US,US03,3,Clarence Black,US0039,24.0,Detroit,Michigan,7.0,21.0,7.0,7th voted out,nan,10,Boran,False,False,False,US03US0039,Voted out pre-jury,Old School (pre-advantage)
US,US03,3,Kelly Goldsmith,US0040,22.0,San Diego,California,9.0,24.0,8.0,8th voted out,1st jury member,9,Boran,True,False,False,US03US0040,Jury,Old School (pre-advantage)
US,US03,3,Brandon Quinton,US0041,25.0,Dallas,Texas,10.0,27.0,9.0,9th voted out,2nd jury member,8,Samburu,True,False,False,US03US0041,Jury,Old School (pre-advantage)
US,US03,3,Frank Garrison,US0042,43.0,Odessa,New York,11.0,30.0,10.0,10th voted out,3rd jury member,7,Samburu,True,False,False,US03US0042,Jury,Old School (pre-advantage)
US,US03,3,Kim Powers,US0043,29.0,Conshohocken,Pennsylvania,12.0,33.0,11.0,11th voted out,4th jury member,6,Samburu,True,False,False,US03US0043,Jury,Old School (pre-advantage)
US,US03,3,Teresa Cooper,US0044,42.0,Jackson,Georgia,13.0,36.0,12.0,12th voted out,5th jury member,5,Samburu,True,False,False,US03US0044,Jury,Old School (pre-advantage)
US,US03,3,Tom Buchanan,US0045,45.0,Rich Valley,Virginia,14.0,37.0,13.0,13th voted out,6th jury member,4,Boran,True,False,False,US03US0045,Jury,Old School (pre-advantage)
US,US08,8,Tom Buchanan,US0045,48.0,Rich Valley,Virginia,15.0,36.0,14.0,12th voted out,5th jury member,5,Chapera,True,False,False,US08US0045,Jury,Old School (pre-advantage)
US,US03,3,Lex van den Berghe,US0046,38.0,Santa Cruz,California,14.0,38.0,14.0,14th voted out,7th jury member,3,Boran,True,False,False,US03US0046,Jury,Old School (pre-advantage)
US,US08,8,Lex van den Berghe,US0046,40.0,Santa Cruz,California,11.0,27.0,10.0,8th voted out,1st jury member,9,Mogo Mogo,True,False,False,US08US0046,Jury,Old School (pre-advantage)
US,US03,3,Kim Johnson,US0047,56.0,Oyster Bay,New York,14.0,39.0,15.0,Runner-up,nan,2,Boran,False,True,False,US03US0047,Finalist,Old School (pre-advantage)
US,US03,3,Ethan Zohn,US0048,27.0,Lexington,Massachusetts,14.0,39.0,16.0,Sole Survivor,nan,1,Boran,False,True,True,US03US0048,Winner,Old School (pre-advantage)
US,US08,8,Ethan Zohn,US0048,30.0,New York City,New York,8.0,21.0,8.0,6th voted out,nan,11,Saboga,False,False,False,US08US0048,Voted out pre-jury,Old School (pre-advantage)
US,US40,40,Ethan Zohn,US0048,45.0,Hillsborough,New Hampshire,3.0,9.0,4.0,4th voted out,3rd jury member,18,Sele,True,False,False,US40US0048,Jury,New School
US,US04,4,Peter Harkey,US0049,44.0,Millis,Massachusetts,1.0,3.0,1.0,1st voted out,nan,16,Maraamu,False,False,False,US04US0049,Voted out pre-jury,Old School (pre-advantage)
US,US04,4,Patricia Jackson,US0050,49.0,Lugoff,South Carolina,2.0,6.0,2.0,2nd voted out,nan,15,Maraamu,False,False,False,US04US0050,Voted out pre-jury,Old School (pre-advantage)
US,US04,4,Hunter Ellis,US0051,33.0,La Jolla,California,3.0,9.0,3.0,3rd voted out,nan,14,Maraamu,False,False,False,US04US0051,Voted out pre-jury,Old School (pre-advantage)
US,US04,4,Sarah Jones,US0052,24.0,Newport Beach,California,4.0,12.0,4.0,4th voted out,nan,13,Maraamu,False,False,False,US04US0052,Voted out pre-jury,Old School (pre-advantage)
US,US04,4,Gabriel Cade,US0053,23.0,Hollywood,California,5.0,15.0,5.0,5th voted out,nan,12,Rotu,False,False,False,US04US0053,Voted out pre-jury,Old School (pre-advantage)
US,US04,4,Gina Crews,US0054,28.0,Gainesville,Florida,6.0,18.0,6.0,6th voted out,nan,11,Maraamu,False,False,False,US04US0054,Voted out pre-jury,Old School (pre-advantage)
US,US04,4,Rob Mariano,US0055,25.0,Canton,Massachusetts,7.0,21.0,7.0,7th voted out,nan,10,Maraamu,False,False,False,US04US0055,Voted out pre-jury,Old School (pre-advantage)
US,US08,8,Rob Mariano,US0055,27.0,Canton,Massachusetts,16.0,39.0,17.0,Runner-up,nan,2,Chapera,False,True,False,US08US0055,Finalist,Old School (pre-advantage)
US,US20,20,Rob Mariano,US0055,33.0,Pensacola,Florida,7.0,18.0,8.0,8th voted out,nan,13,Villains,False,False,False,US20US0055,Voted out pre-jury,Old School (with advantages)
US,US22,22,Rob Mariano,US0055,34.0,Pensacola,Florida,14.0,39.0,20.0,Sole Survivor,nan,1,Ometepe,False,True,True,US22US0055,Winner,New School
US,US40,40,Rob Mariano,US0055,43.0,Pensacola,Florida,5.0,14.0,6.0,6th voted out,4th jury member,17,Sele,True,False,False,US40US0055,Jury,New School
US,US04,4,John Carroll,US0056,36.0,Omaha,Nebraska,8.0,24.0,8.0,8th voted out,1st jury member,9,Rotu,True,False,False,US04US0056,Jury,Old School (pre-advantage)
US,US04,4,Zoe Zanidakis,US0057,35.0,Monhegan,Maine,10.0,27.0,9.0,9th voted out,2nd jury member,8,Rotu,True,False,False,US04US0057,Jury,Old School (pre-advantage)
US,US04,4,Tammy Leitner,US0058,29.0,Mesa,Arizona,11.0,30.0,10.0,10th voted out,3rd jury member,7,Rotu,True,False,False,US04US0058,Jury,Old School (pre-advantage)
US,US04,4,Robert DeCanio,US0059,38.0,College Point,New York,12.0,33.0,11.0,11th voted out,4th jury member,6,Rotu,True,False,False,US04US0059,Jury,Old School (pre-advantage)
US,US04,4,Sean Rector,US0060,30.0,Los Angeles,California,13.0,36.0,12.0,12th voted out,5th jury member,5,Maraamu,True,False,False,US04US0060,Jury,Old School (pre-advantage)
US,US04,4,Paschal English,US0061,56.0,Thomaston,Georgia,14.0,37.0,13.0,Eliminated,6th jury member,4,Rotu,True,False,False,US04US0061,Jury,Old School (pre-advantage)
US,US04,4,Kathy Vavrick-O'Brien,US0062,46.0,Burlington,Vermont,14.0,38.0,14.0,13th voted out,7th jury member,3,Rotu,True,False,False,US04US0062,Jury,Old School (pre-advantage)
US,US08,8,Kathy Vavrick-O'Brien,US0062,48.0,Burlington,Vermont,12.0,28.0,11.0,9th voted out,2nd jury member,8,Mogo Mogo,True,False,False,US08US0062,Jury,Old School (pre-advantage)
US,US04,4,Neleh Dennis,US0063,21.0,Layton,Utah,14.0,39.0,15.0,Runner-up,nan,2,Rotu,False,True,False,US04US0063,Finalist,Old School (pre-advantage)
US,US04,4,Vecepia Towery,US0064,36.0,Hayward,California,14.0,39.0,16.0,Sole Survivor,nan,1,Maraamu,False,True,True,US04US0064,Winner,Old School (pre-advantage)
US,US05,5,John Raymond,US0065,40.0,Slidell,Louisiana,1.0,3.0,1.0,1st voted out,nan,16,Chuay Gahn,False,False,False,US05US0065,Voted out pre-jury,Old School (pre-advantage)
US,US05,5,Tanya Vance,US0066,27.0,Gray,Tennessee,2.0,6.0,2.0,2nd voted out,nan,15,Chuay Gahn,False,False,False,US05US0066,Voted out pre-jury,Old School (pre-advantage)
US,US05,5,Jed Hildebrand,US0067,25.0,Dallas,Texas,3.0,9.0,3.0,3rd voted out,nan,14,Sook Jai,False,False,False,US05US0067,Voted out pre-jury,Old School (pre-advantage)
US,US05,5,Ghandia Johnson,US0068,33.0,Denver,Colorado,4.0,12.0,4.0,4th voted out,nan,13,Chuay Gahn,False,False,False,US05US0068,Voted out pre-jury,Old School (pre-advantage)
US,US05,5,Stephanie Dill,US0069,29.0,Ozark,Arkansas,5.0,15.0,5.0,5th voted out,nan,12,Sook Jai,False,False,False,US05US0069,Voted out pre-jury,Old School (pre-advantage)
US,US05,5,Robert Zbacnik,US0070,23.0,Scottsdale,Arizona,6.0,18.0,6.0,6th voted out,nan,11,Sook Jai,False,False,False,US05US0070,Voted out pre-jury,Old School (pre-advantage)
US,US05,5,Shii Ann Huang,US0071,28.0,New York City,New York,7.0,21.0,7.0,7th voted out,nan,10,Sook Jai,False,False,False,US05US0071,Voted out pre-jury,Old School (pre-advantage)
US,US08,8,Shii Ann Huang,US0071,29.0,New York City,New York,14.0,33.0,13.0,11th voted out,4th jury member,6,Mogo Mogo,True,False,False,US08US0071,Jury,Old School (pre-advantage)
US,US05,5,Erin Collins,US0072,26.0,Austin,Texas,8.0,24.0,8.0,8th voted out,1st jury member,9,Sook Jai,True,False,False,US05US0072,Jury,Old School (pre-advantage)
US,US05,5,Ken Stafford,US0073,30.0,Brooklyn,New York,9.0,27.0,9.0,9th voted out,2nd jury member,8,Sook Jai,True,False,False,US05US0073,Jury,Old School (pre-advantage)
US,US05,5,Penny Ramsey,US0074,27.0,Plano,Texas,10.0,30.0,10.0,10th voted out,3rd jury member,7,Sook Jai,True,False,False,US05US0074,Jury,Old School (pre-advantage)
US,US05,5,Jake Billingsley,US0075,60.0,McKinney,Texas,12.0,33.0,11.0,11th voted out,4th jury member,6,Sook Jai,True,False,False,US05US0075,Jury,Old School (pre-advantage)
US,US05,5,Ted Rogers Jr.,US0076,37.0,Durham,North Carolina,13.0,36.0,12.0,12th voted out,5th jury member,5,Chuay Gahn,True,False,False,US05US0076,Jury,Old School (pre-advantage)
US,US05,5,Helen Glover,US0077,47.0,Middletown,Rhode Island,14.0,37.0,13.0,13th voted out,6th jury member,4,Chuay Gahn,True,False,False,US05US0077,Jury,Old School (pre-advantage)
US,US05,5,Jan Gentry,US0078,53.0,Tampa,Florida,14.0,38.0,14.0,14th voted out,7th jury member,3,Chuay Gahn,True,False,False,US05US0078,Jury,Old School (pre-advantage)
US,US05,5,Clay Jordan,US0079,46.0,Monroe,Louisiana,14.0,39.0,15.0,Runner-up,nan,2,Chuay Gahn,False,True,False,US05US0079,Finalist,Old School (pre-advantage)
US,US05,5,Brian Heidik,US0080,34.0,Quartz Hill,California,14.0,39.0,16.0,Sole Survivor,nan,1,Chuay Gahn,False,True,True,US05US0080,Winner,Old School (pre-advantage)
US,US06,6,Ryan Aiken,US0081,23.0,Ellicott City,Maryland,1.0,3.0,1.0,1st voted out,nan,16,Tambaqui,False,False,False,US06US0081,Voted out pre-jury,Old School (pre-advantage)
US,US06,6,Janet Koth,US0082,46.0,Manchester,Missouri,2.0,6.0,2.0,2nd voted out,nan,15,Jaburu,False,False,False,US06US0082,Voted out pre-jury,Old School (pre-advantage)
US,US06,6,Daniel Lue,US0083,26.0,Houston,Texas,3.0,9.0,3.0,3rd voted out,nan,14,Tambaqui,False,False,False,US06US0083,Voted out pre-jury,Old School (pre-advantage)
US,US06,6,JoAnna Ward,US0084,31.0,Orangeburg,South Carolina,4.0,12.0,4.0,4th voted out,nan,13,Jaburu,False,False,False,US06US0084,Voted out pre-jury,Old School (pre-advantage)
US,US06,6,Jeanne Hebert,US0085,40.0,North Attleboro,Massachusetts,5.0,15.0,5.0,5th voted out,nan,12,Jaburu,False,False,False,US06US0085,Voted out pre-jury,Old School (pre-advantage)
US,US06,6,Shawna Mitchell,US0086,23.0,Los Angeles,California,6.0,18.0,6.0,6th voted out,nan,11,Jaburu,False,False,False,US06US0086,Voted out pre-jury,Old School (pre-advantage)
US,US06,6,Roger Sexton,US0087,56.0,Valencia,California,7.0,21.0,7.0,7th voted out,nan,10,Tambaqui,False,False,False,US06US0087,Voted out pre-jury,Old School (pre-advantage)
US,US06,6,Dave Johnson,US0088,23.0,Pasadena,California,8.0,24.0,8.0,8th voted out,1st jury member,9,Tambaqui,True,False,False,US06US0088,Jury,Old School (pre-advantage)
US,US06,6,Deena Bennett,US0089,35.0,Riverside,California,9.0,27.0,9.0,9th voted out,2nd jury member,8,Jaburu,True,False,False,US06US0089,Jury,Old School (pre-advantage)
US,US06,6,Alex Bell,US0090,32.0,Los Angeles,California,11.0,30.0,10.0,10th voted out,3rd jury member,7,Tambaqui,True,False,False,US06US0090,Jury,Old School (pre-advantage)
US,US06,6,Christy Smith,US0091,24.0,Basalt,Colorado,12.0,33.0,11.0,11th voted out,4th jury member,6,Jaburu,True,False,False,US06US0091,Jury,Old School (pre-advantage)
US,US06,6,Heidi Strobel,US0092,24.0,Jefferson City,Missouri,13.0,36.0,12.0,12th voted out,5th jury member,5,Jaburu,True,False,False,US06US0092,Jury,Old School (pre-advantage)
US,US06,6,Butch Lockley,US0093,50.0,Olney,Illinois,14.0,37.0,13.0,13th voted out,6th jury member,4,Tambaqui,True,False,False,US06US0093,Jury,Old School (pre-advantage)
US,US06,6,Rob Cesternino,US0094,24.0,Wantagh,New York,14.0,38.0,14.0,14th voted out,7th jury member,3,Tambaqui,True,False,False,US06US0094,Jury,Old School (pre-advantage)
US,US08,8,Rob Cesternino,US0094,25.0,Plainview,New York,4.0,12.0,4.0,3rd voted out,nan,15,Chapera,False,False,False,US08US0094,Voted out pre-jury,Old School (pre-advantage)
US,US06,6,Matthew von Ertfelda,US0095,33.0,Washington,D.C.,14.0,39.0,15.0,Runner-up,nan,2,Tambaqui,False,True,False,US06US0095,Finalist,Old School (pre-advantage)
US,US06,6,Jenna Morasca,US0096,21.0,Bridgeville,Pennsylvania,14.0,39.0,16.0,Sole Survivor,nan,1,Jaburu,False,True,True,US06US0096,Winner,Old School (pre-advantage)
US,US08,8,Jenna Morasca,US0096,22.0,Bridgeville,Pennsylvania,3.0,9.0,3.0,Quit,nan,16,Mogo Mogo,False,False,False,US08US0096,Voted out pre-jury,Old School (pre-advantage)
US,US07,7,Nicole Delma,US0097,24.0,Hermosa Beach,California,1.0,3.0,1.0,1st voted out,nan,16,Morgan,False,False,False,US07US0097,Voted out pre-jury,Old School (pre-advantage)
US,US07,7,Ryan Shoulders,US0098,23.0,Clarksville,Tennessee,2.0,6.0,2.0,2nd voted out,nan,15,Morgan,False,False,False,US07US0098,Voted out pre-jury,Old School (pre-advantage)
US,US07,7,Lillian Morris,US0099,51.0,Loveland,Ohio,14.0,39.0,17.0,Runner-up,nan,2,Morgan,False,True,False,US07US0099,Finalist,Old School (pre-advantage)
US,US07,7,Burton Roberts,US0100,31.0,San Francisco,California,13.0,36.0,14.0,13th voted out,5th jury member,5,Drake,True,False,False,US07US0100,Jury,Old School (pre-advantage)
US,US07,7,Michelle Tesauro,US0101,22.0,Washington,D.C.,5.0,15.0,5.0,5th voted out,nan,14,Drake,False,False,False,US07US0101,Voted out pre-jury,Old School (pre-advantage)
US,US07,7,Trish Dunn,US0102,42.0,Annapolis,Maryland,6.0,18.0,6.0,6th voted out,nan,13,Drake,False,False,False,US07US0102,Voted out pre-jury,Old School (pre-advantage)
US,US07,7,Shawn Cohen,US0103,28.0,Hollywood,California,7.0,19.0,7.0,7th voted out,nan,12,Drake,False,False,False,US07US0103,Voted out pre-jury,Old School (pre-advantage)
US,US07,7,Osten Taylor,US0104,27.0,Boston,Massachusetts,7.0,19.0,8.0,Quit,nan,11,Morgan,False,False,False,US07US0104,Voted out pre-jury,Old School (pre-advantage)
US,US07,7,Andrew Savage,US0105,39.0,Chicago,Illinois,8.0,21.0,9.0,8th voted out,nan,10,Morgan,False,False,False,US07US0105,Voted out pre-jury,Old School (pre-advantage)
US,US31,31,Andrew Savage,US0105,51.0,San Jose,California,8.0,21.0,9.0,8th voted out,2nd jury member,12,Bayon,True,False,False,US31US0105,Jury,New School
US,US07,7,Ryan Opray,US0106,30.0,Los Gatos,California,9.0,24.0,10.0,9th voted out,1st jury member,9,Morgan,True,False,False,US07US0106,Jury,Old School (pre-advantage)
US,US07,7,Rupert Boneham,US0107,39.0,Indianapolis,Indiana,10.0,27.0,11.0,10th voted out,2nd jury member,8,Drake,True,False,False,US07US0107,Jury,Old School (pre-advantage)
US,US08,8,Rupert Boneham,US0107,39.0,Indianapolis,Indiana,16.0,37.0,15.0,13th voted out,6th jury member,4,Saboga,True,False,False,US08US0107,Jury,Old School (pre-advantage)
US,US20,20,Rupert Boneham,US0107,45.0,Indianapolis,Indiana,13.0,36.0,15.0,15th voted out,7th jury member,6,Heroes,True,False,False,US20US0107,Jury,Old School (with advantages)
US,US27,27,Rupert Boneham,US0107,49.0,Indianapolis,Indiana,1.0,1.0,3.0,Switched,nan,19,Galang,False,False,False,US27US0107,Voted out pre-jury,New School
US,US07,7,Tijuana Bradley,US0108,26.0,St. Louis,Missouri,11.0,30.0,12.0,11th voted out,3rd jury member,7,Morgan,True,False,False,US07US0108,Jury,Old School (pre-advantage)
US,US07,7,Christa Hastie,US0109,24.0,Los Angeles,California,12.0,33.0,13.0,12th voted out,4th jury member,6,Drake,True,False,False,US07US0109,Jury,Old School (pre-advantage)
US,US07,7,Darrah Johnson,US0110,22.0,Liberty,Mississippi,14.0,37.0,15.0,14th voted out,6th jury member,4,Morgan,True,False,False,US07US0110,Jury,Old School (pre-advantage)
US,US07,7,Jon Dalton,US0111,29.0,Los Angeles,California,14.0,38.0,16.0,15th voted out,7th jury member,3,Drake,True,False,False,US07US0111,Jury,Old School (pre-advantage)
US,US16,16,Jon Dalton,US0111,33.0,Los Angeles,California,1.0,3.0,1.0,1st voted out (Quit),nan,20,Malakal,False,False,False,US16US0111,Voted out pre-jury,Old School (with advantages)
US,US07,7,Sandra Diaz-Twine,US0112,29.0,Fort Lewis,Washington,14.0,39.0,18.0,Sole Survivor,nan,1,Drake,False,True,True,US07US0112,Winner,Old School (pre-advantage)
US,US20,20,Sandra Diaz-Twine,US0112,35.0,Fayetteville,North Carolina,14.0,39.0,20.0,Sole Survivor,nan,1,Villains,False,True,True,US20US0112,Winner,Old School (with advantages)
US,US34,34,Sandra Diaz-Twine,US0112,41.0,Fayetteville,North Carolina,5.0,16.0,6.0,6th voted out,nan,15,Mana,False,False,False,US34US0112,Voted out pre-jury,New School
US,US40,40,Sandra Diaz-Twine,US0112,44.0,Riverview,Florida,6.0,16.0,8.0,8th voted out; Quit EoE,nan,15,Dakal,False,False,False,US40US0112,Voted out pre-jury,New School
US,US09,9,Brook Geraghty,US0113,27.0,Winthrop,Massachusetts,1.0,3.0,1.0,1st voted out,nan,18,Lopevi,False,False,False,US09US0113,Voted out pre-jury,Old School (pre-advantage)
US,US09,9,Dolly Neely,US0114,25.0,Lake Latonka,Pennsylvania,2.0,6.0,2.0,2nd voted out,nan,17,Yasur,False,False,False,US09US0114,Voted out pre-jury,Old School (pre-advantage)
US,US09,9,John Palyok,US0115,31.0,Los Angeles,California,3.0,7.0,3.0,3rd voted out,nan,16,Lopevi,False,False,False,US09US0115,Voted out pre-jury,Old School (pre-advantage)
US,US09,9,Mia Galeotalanza,US0116,29.0,Boston,Massachusetts,3.0,7.0,4.0,4th voted out,nan,15,Yasur,False,False,False,US09US0116,Voted out pre-jury,Old School (pre-advantage)
US,US09,9,Brady Finta,US0117,33.0,Huntington Beach,California,4.0,10.0,5.0,5th voted out,nan,14,Lopevi,False,False,False,US09US0117,Voted out pre-jury,Old School (pre-advantage)
US,US09,9,Travis Sampson,US0118,33.0,Johnson City,Tennessee,5.0,12.0,6.0,6th voted out,nan,13,Lopevi,False,False,False,US09US0118,Voted out pre-jury,Old School (pre-advantage)
US,US09,9,Lisa Keiffer,US0119,44.0,Mandeville,Louisiana,6.0,15.0,7.0,7th voted out,nan,12,Yasur,False,False,False,US09US0119,Voted out pre-jury,Old School (pre-advantage)
US,US09,9,John Kenney,US0120,22.0,Los Angeles,California,7.0,18.0,8.0,8th voted out,nan,11,Lopevi,False,False,False,US09US0120,Voted out pre-jury,Old School (pre-advantage)
US,US09,9,Rory Freeman,US0121,35.0,Des Moines,Iowa,8.0,21.0,9.0,9th voted out,nan,10,Lopevi,False,False,False,US09US0121,Voted out pre-jury,Old School (pre-advantage)
US,US09,9,Lea Masters,US0122,40.0,Columbia,South Carolina,9.0,24.0,10.0,10th voted out,1st jury member,9,Lopevi,True,False,False,US09US0122,Jury,Old School (pre-advantage)
US,US09,9,James Crittenden,US0123,34.0,Oakland,California,10.0,27.0,11.0,11th voted out,2nd jury member,8,Lopevi,True,False,False,US09US0123,Jury,Old School (pre-advantage)
US,US09,9,Leann Slaby,US0124,35.0,Kansasville,Wisconsin,11.0,30.0,12.0,12th voted out,3rd jury member,7,Yasur,True,False,False,US09US0124,Jury,Old School (pre-advantage)
US,US09,9,Ami Cusack,US0125,31.0,Lakewood,Colorado,12.0,33.0,13.0,13th voted out,4th jury member,6,Yasur,True,False,False,US09US0125,Jury,Old School (pre-advantage)
US,US16,16,Ami Cusack,US0125,34.0,Golden,Colorado,8.0,21.0,10.0,8th voted out,nan,11,Malakal,False,False,False,US16US0125,Voted out pre-jury,Old School (with advantages)
US,US09,9,Julie Berry,US0126,23.0,Gorham,Maine,13.0,36.0,14.0,14th voted out,5th jury member,5,Yasur,True,False,False,US09US0126,Jury,Old School (pre-advantage)
US,US09,9,Eliza Orlins,US0127,21.0,Syracuse,New York,14.0,37.0,15.0,15th voted out,6th jury member,4,Yasur,True,False,False,US09US0127,Jury,Old School (pre-advantage)
US,US16,16,Eliza Orlins,US0127,25.0,Manhattan,New York,9.0,24.0,11.0,9th voted out,1st jury member,10,Malakal,True,False,False,US16US0127,Jury,Old School (with advantages)
US,US09,9,Scout Cloud Lee,US0128,59.0,Stillwater,Oklahoma,14.0,38.0,16.0,16th voted out,7th jury member,3,Yasur,True,False,False,US09US0128,Jury,Old School (pre-advantage)
US,US09,9,Twila Tanner,US0129,41.0,Marshall,Missouri,14.0,39.0,17.0,Runner-up,nan,2,Yasur,False,True,False,US09US0129,Finalist,Old School (pre-advantage)
US,US09,9,Chris Daugherty,US0130,33.0,South Vienna,Ohio,14.0,39.0,18.0,Sole Survivor,nan,1,Lopevi,False,True,True,US09US0130,Winner,Old School (pre-advantage)
US,US10,10,Jonathan Libby,US0131,23.0,Dallas,Texas,1.0,2.0,1.0,Eliminated,nan,20,nan,False,False,False,US10US0131,Voted out pre-jury,Old School (pre-advantage)
US,US10,10,Wanda Shirk,US0132,55.0,Ulysses,Pennsylvania,1.0,2.0,2.0,Eliminated,nan,19,nan,False,False,False,US10US0132,Voted out pre-jury,Old School (pre-advantage)
US,US10,10,Jolanda Jones,US0133,38.0,Houston,Texas,1.0,3.0,3.0,1st voted out,nan,18,Ulong,False,False,False,US10US0133,Voted out pre-jury,Old School (pre-advantage)
US,US10,10,Ashlee Ashby,US0134,22.0,Easley,South Carolina,2.0,6.0,4.0,2nd voted out,nan,17,Ulong,False,False,False,US10US0134,Voted out pre-jury,Old School (pre-advantage)
US,US10,10,Jeff Wilson,US0135,21.0,Ventura,California,3.0,8.0,5.0,3rd voted out,nan,16,Ulong,False,False,False,US10US0135,Voted out pre-jury,Old School (pre-advantage)
US,US10,10,Kimberly Mullen,US0136,25.0,Huber Heights,Ohio,4.0,11.0,6.0,4th voted out,nan,15,Ulong,False,False,False,US10US0136,Voted out pre-jury,Old School (pre-advantage)
US,US10,10,Willard Smith,US0137,56.0,Bellevue,Washington,5.0,12.0,7.0,5th voted out,nan,14,Koror,False,False,False,US10US0137,Voted out pre-jury,Old School (pre-advantage)
US,US10,10,Angie Jakusz,US0138,24.0,New Orleans,Louisiana,5.0,12.0,8.0,6th voted out,nan,13,Ulong,False,False,False,US10US0138,Voted out pre-jury,Old School (pre-advantage)
US,US10,10,James Miller,US0139,33.0,Mobile,Alabama,6.0,15.0,9.0,7th voted out,nan,12,Ulong,False,False,False,US10US0139,Voted out pre-jury,Old School (pre-advantage)
US,US10,10,Ibrehem Rahman,US0140,27.0,Birmingham,Alabama,7.0,18.0,10.0,8th voted out,nan,11,Ulong,False,False,False,US10US0140,Voted out pre-jury,Old School (pre-advantage)
US,US10,10,Bobby Jon Drinkard,US0141,27.0,Los Angeles,California,8.0,21.0,11.0,Lost fire challenge,nan,10,Ulong,False,False,False,US10US0141,Voted out pre-jury,Old School (pre-advantage)
US,US11,11,Bobby Jon Drinkard,US0141,28.0,Los Angeles,California,9.0,24.0,10.0,10th voted out,1st jury member,9,Nakum,True,False,False,US11US0141,Jury,Old School (with advantages)
US,US10,10,Coby Archa,US0142,32.0,Athens,Texas,9.0,24.0,12.0,9th voted out,1st jury member,9,Koror,True,False,False,US10US0142,Jury,Old School (pre-advantage)
US,US10,10,Janu Tornell,US0143,39.0,Las Vegas,Nevada,10.0,27.0,13.0,Quit,2nd jury member,8,Koror,True,False,False,US10US0143,Jury,Old School (pre-advantage)
US,US10,10,Stephenie LaGrossa,US0144,24.0,Toms River,New Jersey,11.0,30.0,14.0,10th voted out,3rd jury member,7,Ulong,True,False,False,US10US0144,Jury,Old School (pre-advantage)
US,US11,11,Stephenie LaGrossa,US0144,25.0,Toms River,New Jersey,14.0,39.0,17.0,Runner-up,nan,2,Yaxha,False,True,False,US11US0144,Finalist,Old School (with advantages)
US,US20,20,Stephenie LaGrossa,US0144,29.0,Philadelphia,Pennsylvania,2.0,6.0,2.0,2nd voted out,nan,19,Heroes,False,False,False,US20US0144,Voted out pre-jury,Old School (with advantages)
US,US50,50,Stephenie LaGrossa,US0144,,nan,nan,,,,nan,nan,22,nan,False,True,True,US50US0144,Winner,New Era
US,US10,10,Gregg Carey,US0145,27.0,Chicago,Illinois,12.0,33.0,15.0,11th voted out,4th jury member,6,Koror,True,False,False,US10US0145,Jury,Old School (pre-advantage)
US,US10,10,Caryn Groedel,US0146,46.0,Solon,Ohio,13.0,36.0,16.0,12th voted out,5th jury member,5,Koror,True,False,False,US10US0146,Jury,Old School (pre-advantage)
US,US10,10,Jennifer Lyon,US0147,32.0,Encino,California,14.0,37.0,17.0,Lost fire challenge,6th jury member,4,Koror,True,False,False,US10US0147,Jury,Old School (pre-advantage)
US,US10,10,Ian Rosenberger,US0148,23.0,Ambridge,Pennsylvania,14.0,38.0,18.0,14th voted out,7th jury member,3,Koror,True,False,False,US10US0148,Jury,Old School (pre-advantage)
US,US10,10,Katie Gallagher,US0149,29.0,Merced,California,14.0,39.0,19.0,Runner-up,nan,2,Koror,False,True,False,US10US0149,Finalist,Old School (pre-advantage)
US,US10,10,Tom Westman,US0150,40.0,Sayville,New York,14.0,39.0,20.0,Sole Survivor,nan,1,Koror,False,True,True,US10US0150,Winner,Old School (pre-advantage)
US,US20,20,Tom Westman,US0150,45.0,New York City,New York,5.0,14.0,5.0,5th voted out,nan,16,Heroes,False,False,False,US20US0150,Voted out pre-jury,Old School (with advantages)
US,US11,11,Jim Lynch,US0151,63.0,Northglenn,Colorado,1.0,3.0,1.0,1st voted out,nan,18,Nakum,False,False,False,US11US0151,Voted out pre-jury,Old School (with advantages)
US,US11,11,Morgan McDevitt,US0152,21.0,Decatur,Illinois,2.0,6.0,2.0,2nd voted out,nan,17,Yaxha,False,False,False,US11US0152,Voted out pre-jury,Old School (with advantages)
US,US11,11,Brianna Varela,US0153,21.0,Edmonds,Washington,3.0,8.0,3.0,3rd voted out,nan,16,Yaxha,False,False,False,US11US0153,Voted out pre-jury,Old School (with advantages)
US,US11,11,Brooke Struck,US0154,25.0,Hood River,Oregon,4.0,11.0,4.0,4th voted out,nan,15,Nakum,False,False,False,US11US0154,Voted out pre-jury,Old School (with advantages)
US,US11,11,Blake Towsley,US0155,24.0,Dallas,Texas,5.0,14.0,5.0,5th voted out,nan,14,Nakum,False,False,False,US11US0155,Voted out pre-jury,Old School (with advantages)
US,US11,11,Margaret Bobonich,US0156,43.0,Chardon,Ohio,6.0,15.0,6.0,6th voted out,nan,13,Nakum,False,False,False,US11US0156,Voted out pre-jury,Old School (with advantages)
US,US11,11,Brian Corridan,US0157,22.0,New York City,New York,6.0,15.0,7.0,7th voted out,nan,12,Yaxha,False,False,False,US11US0157,Voted out pre-jury,Old School (with advantages)
US,US11,11,Amy O'Hara,US0158,39.0,Revere,Massachusetts,7.0,18.0,8.0,8th voted out,nan,11,Yaxha,False,False,False,US11US0158,Voted out pre-jury,Old School (with advantages)
US,US11,11,Brandon Bellinger,US0159,22.0,Manhattan,Kansas,8.0,21.0,9.0,9th voted out,nan,10,Nakum,False,False,False,US11US0159,Voted out pre-jury,Old School (with advantages)
US,US11,11,Jamie Newton,US0160,24.0,North Hollywood,California,10.0,27.0,11.0,11th voted out,2nd jury member,8,Yaxha,True,False,False,US11US0160,Jury,Old School (with advantages)
US,US11,11,Gary Hogeboom,US0161,46.0,Grand Haven,Michigan,11.0,30.0,12.0,12th voted out,3rd jury member,7,Yaxha,True,False,False,US11US0161,Jury,Old School (with advantages)
US,US11,11,Judd Sergeant,US0162,34.0,Ridgefield,New Jersey,12.0,33.0,13.0,13th voted out,4th jury member,6,Nakum,True,False,False,US11US0162,Jury,Old School (with advantages)
US,US11,11,Cindy Hall,US0163,31.0,Naples,Florida,13.0,36.0,14.0,14th voted out,5th jury member,5,Nakum,True,False,False,US11US0163,Jury,Old School (with advantages)
US,US11,11,Lydia Morales,US0164,42.0,Lakewood,Washington,14.0,37.0,15.0,15th voted out,6th jury member,4,Yaxha,True,False,False,US11US0164,Jury,Old School (with advantages)
US,US11,11,Rafe Judkins,US0165,22.0,Pittsburgh,Pennsylvania,14.0,38.0,16.0,16th voted out,7th jury member,3,Yaxha,True,False,False,US11US0165,Jury,Old School (with advantages)
US,US11,11,Danni Boatwright,US0166,29.0,Tonganoxie,Kansas,14.0,39.0,18.0,Sole Survivor,nan,1,Nakum,False,True,True,US11US0166,Winner,Old School (with advantages)
US,US40,40,Danni Boatwright,US0166,43.0,Shawnee,Kansas,2.0,6.0,3.0,3rd voted out,2nd jury member,19,Sele,True,False,False,US40US0166,Jury,New School
US,US12,12,Tina Scheer,US0167,44.0,Hayward,Wisconsin,1.0,3.0,1.0,1st voted out,nan,16,Casaya,False,False,False,US12US0167,Voted out pre-jury,Old School (with advantages)
US,US12,12,Melinda Hyder,US0168,32.0,Sevierville,Tennessee,2.0,6.0,2.0,2nd voted out,nan,15,Casaya,False,False,False,US12US0168,Voted out pre-jury,Old School (with advantages)
US,US12,12,Misty Giles,US0169,24.0,Dallas,Texas,3.0,8.0,3.0,3rd voted out,nan,14,Bayoneta,False,False,False,US12US0169,Voted out pre-jury,Old School (with advantages)
US,US12,12,Ruth Marie Milliman,US0170,48.0,Greenville,South Carolina,4.0,11.0,4.0,4th voted out,nan,13,Casaya,False,False,False,US12US0170,Voted out pre-jury,Old School (with advantages)
US,US12,12,Bobby Mason,US0171,32.0,Los Angeles,California,5.0,14.0,5.0,5th voted out,nan,12,Viveros,False,False,False,US12US0171,Voted out pre-jury,Old School (with advantages)
US,US12,12,Dan Barry,US0172,51.0,South Hadley,Massachusetts,6.0,15.0,6.0,6th voted out,nan,11,La Mina,False,False,False,US12US0172,Voted out pre-jury,Old School (with advantages)
US,US12,12,Nick Stanbury,US0173,25.0,Tempe,Arizona,8.0,18.0,7.0,7th voted out,nan,10,Viveros,False,False,False,US12US0173,Voted out pre-jury,Old School (with advantages)
US,US12,12,Austin Carty,US0174,24.0,High Point,North Carolina,9.0,21.0,8.0,8th voted out,1st jury member,9,Viveros,True,False,False,US12US0174,Jury,Old School (with advantages)
US,US12,12,Sally Schumann,US0175,27.0,Chicago,Illinois,10.0,24.0,9.0,9th voted out,2nd jury member,8,Bayoneta,True,False,False,US12US0175,Jury,Old School (with advantages)
US,US12,12,Bruce Kanegai,US0176,57.0,Simi Valley,California,11.0,25.0,10.0,Medically evacuated,3rd jury member,7,La Mina,True,False,False,US12US0176,Jury,Old School (with advantages)
US,US12,12,Courtney Marit,US0177,31.0,Los Angeles,California,12.0,30.0,11.0,10th voted out,4th jury member,6,Bayoneta,True,False,False,US12US0177,Jury,Old School (with advantages)
US,US12,12,Shane Powers,US0178,34.0,Los Angeles,California,13.0,33.0,12.0,11th voted out,5th jury member,5,La Mina,True,False,False,US12US0178,Jury,Old School (with advantages)
US,US12,12,Cirie Fields,US0179,35.0,Walterboro,South Carolina,14.0,36.0,13.0,12th voted out,6th jury member,4,Casaya,True,False,False,US12US0179,Jury,Old School (with advantages)
US,US16,16,Cirie Fields,US0179,37.0,Norwalk,Connecticut,14.0,38.0,18.0,15th voted out,8th jury member,3,Malakal,True,False,False,US16US0179,Jury,Old School (with advantages)
US,US20,20,Cirie Fields,US0179,39.0,Norwalk,Connecticut,4.0,11.0,4.0,4th voted out,nan,17,Heroes,False,False,False,US20US0179,Voted out pre-jury,Old School (with advantages)
US,US34,34,Cirie Fields,US0179,45.0,Norwalk,Connecticut,12.0,36.0,15.0,Eliminated,8th jury member,6,Nuku,True,False,False,US34US0179,Jury,New School
US,US50,50,Cirie Fields,US0179,,nan,nan,,,,nan,nan,21,nan,False,True,True,US50US0179,Winner,New Era
US,US12,12,Terry Deitz,US0180,46.0,Simsbury,Connecticut,15.0,38.0,14.0,13th voted out,7th jury member,3,La Mina,True,False,False,US12US0180,Jury,Old School (with advantages)
US,US31,31,Terry Deitz,US0180,55.0,Simsbury,Connecticut,5.0,13.0,6.0,Withdrew,nan,15,Ta Keo,False,False,False,US31US0180,Voted out pre-jury,New School
US,US12,12,Danielle DiLorenzo,US0181,24.0,Pompano Beach,Florida,15.0,39.0,15.0,Runner-up,nan,2,Bayoneta,False,True,False,US12US0181,Finalist,Old School (with advantages)
US,US20,20,Danielle DiLorenzo,US0181,28.0,Los Angeles,California,12.0,33.0,14.0,14th voted out,6th jury member,7,Villains,True,False,False,US20US0181,Jury,Old School (with advantages)
US,US12,12,Aras Baskauskas,US0182,24.0,Santa Monica,California,15.0,39.0,16.0,Sole Survivor,nan,1,Viveros,False,True,True,US12US0182,Winner,Old School (with advantages)
US,US27,27,Aras Baskauskas,US0182,31.0,Santa Monica,California,8.0,21.0,12.0,10th voted out,1st jury member,11,Galang,True,False,False,US27US0182,Jury,New School
US,US13,13,Sekou Bunch,US0183,45.0,Los Angeles,California,1.0,3.0,1.0,1st voted out,nan,20,Manihiki,False,False,False,US13US0183,Voted out pre-jury,Old School (with advantages)
US,US13,13,Virgilio Garcia,US0184,36.0,New York City,New York,2.0,6.0,2.0,2nd voted out,nan,19,Aitutaki,False,False,False,US13US0184,Voted out pre-jury,Old School (with advantages)
US,US13,13,Cecilia Mansilla,US0185,29.0,Oakland,California,3.0,8.0,3.0,3rd voted out,nan,18,Aitutaki,False,False,False,US13US0185,Voted out pre-jury,Old School (with advantages)
US,US13,13,John Calderon,US0186,30.0,Long Beach,California,4.0,11.0,4.0,4th voted out,nan,17,Aitutaki,False,False,False,US13US0186,Voted out pre-jury,Old School (with advantages)
US,US13,13,Stephannie Favor,US0187,35.0,Columbia,South Carolina,5.0,14.0,5.0,5th voted out,nan,16,Manihiki,False,False,False,US13US0187,Voted out pre-jury,Old School (with advantages)
US,US13,13,Anh-Tuan Bui,US0188,42.0,Christiansburg,Virginia,6.0,15.0,6.0,6th voted out,nan,15,Puka Puka,False,False,False,US13US0188,Voted out pre-jury,Old School (with advantages)
US,US13,13,Cristina Coria,US0189,35.0,Santa Monica,California,6.0,15.0,7.0,7th voted out,nan,14,Aitutaki,False,False,False,US13US0189,Voted out pre-jury,Old School (with advantages)
US,US13,13,Jessica Smith,US0190,27.0,Chico,California,8.0,18.0,8.0,8th voted out,nan,13,Rarotonga,False,False,False,US13US0190,Voted out pre-jury,Old School (with advantages)
US,US13,13,Brad Virata,US0191,29.0,Santa Monica,California,9.0,21.0,9.0,9th voted out,1st jury member,12,Puka Puka,True,False,False,US13US0191,Jury,Old School (with advantages)
US,US13,13,Rebecca Borman,US0192,34.0,Laurelton,New York,10.0,24.0,10.0,10th voted out,2nd jury member,11,Manihiki,True,False,False,US13US0192,Jury,Old School (with advantages)
US,US13,13,Jenny Guzon-Bae,US0193,36.0,Lake Forest,Illinois,10.0,24.0,11.0,11th voted out,3rd jury member,10,Puka Puka,True,False,False,US13US0193,Jury,Old School (with advantages)
US,US13,13,Nathan Gonzalez,US0194,26.0,Playa del Rey,California,11.0,27.0,12.0,12th voted out,4th jury member,9,Manihiki,True,False,False,US13US0194,Jury,Old School (with advantages)
US,US13,13,Candice Woodcock,US0195,23.0,Washington,D.C.,12.0,30.0,13.0,13th voted out,5th jury member,8,Rarotonga,True,False,False,US13US0195,Jury,Old School (with advantages)
US,US20,20,Candice Woodcock,US0195,26.0,Washington,D.C.,12.0,31.0,13.0,13th voted out,5th jury member,8,Heroes,True,False,False,US20US0195,Jury,Old School (with advantages)
US,US27,27,Candice Cody,US0195,30.0,Washington,D.C.,1.0,1.0,2.0,2nd voted out,nan,20,Galang,False,False,False,US27US0195,Voted out pre-jury,New School
US,US13,13,Jonathan Penner,US0196,44.0,Los Angeles,California,13.0,33.0,14.0,14th voted out,6th jury member,7,Rarotonga,True,False,False,US13US0196,Jury,Old School (with advantages)
US,US16,16,Jonathan Penner,US0196,45.0,Los Angeles,California,6.0,15.0,6.0,Medically evacuated,nan,15,Malakal,False,False,False,US16US0196,Voted out pre-jury,Old School (with advantages)
US,US25,25,Jonathan Penner,US0196,50.0,Los Angeles,California,11.0,30.0,12.0,11th voted out,5th jury member,7,Kalabaw,True,False,False,US25US0196,Jury,New School
US,US13,13,Parvati Shallow,US0197,23.0,West Hollywood,California,14.0,36.0,15.0,15th voted out,7th jury member,6,Rarotonga,True,False,False,US13US0197,Jury,Old School (with advantages)
US,US16,16,Parvati Shallow,US0197,25.0,Los Angeles,California,14.0,39.0,20.0,Sole Survivor,nan,1,Malakal,False,True,True,US16US0197,Winner,Old School (with advantages)
US,US20,20,Parvati Shallow,US0197,26.0,Los Angeles,California,14.0,39.0,19.0,Runner-up,nan,2,Villains,False,True,False,US20US0197,Finalist,Old School (with advantages)
US,US40,40,Parvati Shallow,US0197,36.0,Los Angeles,California,6.0,16.0,7.0,7th voted out,5th jury member,16,Sele,True,False,False,US40US0197,Jury,New School
US,US13,13,Adam Gentry,US0198,28.0,San Diego,California,15.0,37.0,16.0,16th voted out,8th jury member,5,Rarotonga,True,False,False,US13US0198,Jury,Old School (with advantages)
US,US13,13,Sundra Oakley,US0199,31.0,Los Angeles,California,15.0,38.0,17.0,Lost fire challenge,9th jury member,4,Manihiki,True,False,False,US13US0199,Jury,Old School (with advantages)
US,US13,13,Rebekah Lee,US0200,28.0,Washington,D.C.,15.0,39.0,18.0,2nd runner-up,nan,3,Puka Puka,False,True,False,US13US0200,Finalist,Old School (with advantages)
US,US13,13,Oscar Lusth,US0201,24.0,Venice,California,15.0,39.0,19.0,Runner-up,nan,2,Aitutaki,False,True,False,US13US0201,Finalist,Old School (with advantages)
US,US16,16,Oscar Lusth,US0201,26.0,Venice,California,10.0,27.0,12.0,10th voted out,2nd jury member,9,Malakal,True,False,False,US16US0201,Jury,Old School (with advantages)
US,US23,23,Oscar Lusth,US0201,29.0,Venice,California,15.0,38.0,17.0,17th voted out,9th jury member,4,Savaii,True,False,False,US23US0201,Jury,New School
US,US34,34,Oscar Lusth,US0201,34.0,Venice,California,7.0,24.0,9.0,9th voted out,2nd jury member,12,Nuku,True,False,False,US34US0201,Jury,New School
US,US50,50,Oscar Lusth,US0201,,nan,nan,,,,nan,nan,20,nan,False,True,True,US50US0201,Winner,New Era
US,US13,13,Yul Kwon,US0202,31.0,San Mateo,California,15.0,39.0,20.0,Sole Survivor,nan,1,Puka Puka,False,True,True,US13US0202,Winner,Old School (with advantages)
US,US40,40,Yul Kwon,US0202,44.0,Los Altos,California,7.0,18.0,9.0,9th voted out,6th jury member,14,Dakal,True,False,False,US40US0202,Jury,New School
US,US14,14,Jessica deBen,US0203,27.0,Los Angeles,California,1.0,3.0,1.0,1st voted out,nan,19,Ravu,False,False,False,US14US0203,Voted out pre-jury,Old School (with advantages)
US,US14,14,Erica Durousseau,US0204,27.0,Baton Rouge,Louisiana,2.0,6.0,2.0,2nd voted out,nan,18,Ravu,False,False,False,US14US0204,Voted out pre-jury,Old School (with advantages)
US,US14,14,Sylvia Kwan,US0205,52.0,Ross,California,3.0,8.0,3.0,3rd voted out,nan,17,Ravu,False,False,False,US14US0205,Voted out pre-jury,Old School (with advantages)
US,US14,14,Gary Stritesky,US0206,55.0,Ramsey,Minnesota,4.0,10.0,4.0,Quit,nan,16,Moto,False,False,False,US14US0206,Voted out pre-jury,Old School (with advantages)
US,US14,14,Liliana Gomez,US0207,25.0,Los Angeles,California,4.0,11.0,5.0,4th voted out,nan,15,Moto,False,False,False,US14US0207,Voted out pre-jury,Old School (with advantages)
US,US14,14,Rita Verreos,US0208,38.0,San Antonio,Texas,5.0,14.0,6.0,5th voted out,nan,14,Ravu,False,False,False,US14US0208,Voted out pre-jury,Old School (with advantages)
US,US14,14,Anthony Robinson,US0209,32.0,Compton,California,6.0,16.0,7.0,6th voted out,nan,13,Ravu,False,False,False,US14US0209,Voted out pre-jury,Old School (with advantages)
US,US14,14,James Reid,US0210,28.0,Los Angeles,California,7.0,19.0,8.0,7th voted out,1st jury member,12,Ravu,True,False,False,US14US0210,Jury,Old School (with advantages)
US,US14,14,Lisette Linares,US0211,36.0,Los Angeles,California,8.0,21.0,9.0,8th voted out,2nd jury member,11,Moto,True,False,False,US14US0211,Jury,Old School (with advantages)
US,US14,14,Michelle Yi,US0212,23.0,Cincinnati,Ohio,9.0,24.0,10.0,9th voted out,3rd jury member,10,Ravu,True,False,False,US14US0212,Jury,Old School (with advantages)
US,US14,14,Edgardo Rivera,US0213,28.0,Miami Beach,Florida,10.0,27.0,11.0,10th voted out,4th jury member,9,Moto,True,False,False,US14US0213,Jury,Old School (with advantages)
US,US14,14,Mookie Lee,US0214,25.0,Chicago,Illinois,11.0,30.0,12.0,11th voted out,5th jury member,8,Ravu,True,False,False,US14US0214,Jury,Old School (with advantages)
US,US14,14,Alex Angarita,US0215,28.0,Los Angeles,California,12.0,33.0,13.0,12th voted out,6th jury member,7,Moto,True,False,False,US14US0215,Jury,Old School (with advantages)
US,US14,14,Stacy Kimball,US0216,27.0,Boulder,Colorado,13.0,36.0,14.0,13th voted out,7th jury member,6,Moto,True,False,False,US14US0216,Jury,Old School (with advantages)
US,US14,14,Kenward Bernis,US0217,34.0,Lafayette,Louisiana,14.0,37.0,15.0,14th voted out,8th jury member,5,Moto,True,False,False,US14US0217,Jury,Old School (with advantages)
US,US14,14,Yau-Man Chan,US0218,54.0,Martinez,California,14.0,38.0,16.0,15th voted out,9th jury member,4,Ravu,True,False,False,US14US0218,Jury,Old School (with advantages)
US,US16,16,Yau-Man Chan,US0218,55.0,Martinez,California,3.0,8.0,3.0,3rd voted out,nan,18,Malakal,False,False,False,US16US0218,Voted out pre-jury,Old School (with advantages)
US,US14,14,Andria Herd,US0219,25.0,Wilmington,North Carolina,14.0,39.0,17.0,Runner-up,nan,3,Moto,False,True,False,US14US0219,Finalist,Old School (with advantages)
US,US14,14,Cassandra Franklin,US0220,42.0,Los Angeles,California,14.0,39.0,18.0,Runner-up,nan,2,Moto,False,True,False,US14US0220,Finalist,Old School (with advantages)
US,US14,14,Earl Cole,US0221,35.0,Santa Monica,California,14.0,39.0,19.0,Sole Survivor,nan,1,Ravu,False,True,True,US14US0221,Winner,Old School (with advantages)
US,US15,15,Steve Morris,US0222,47.0,Marion,Virginia,1.0,3.0,1.0,1st voted out,nan,16,Zhan Hu,False,False,False,US15US0222,Voted out pre-jury,Old School (with advantages)
US,US15,15,Ashley Massaro,US0223,28.0,East Northport,New York,2.0,6.0,2.0,2nd voted out,nan,15,Zhan Hu,False,False,False,US15US0223,Voted out pre-jury,Old School (with advantages)
US,US15,15,Leslie Nease,US0224,38.0,Tega Cay,South Carolina,3.0,9.0,3.0,3rd voted out,nan,14,Fei Long,False,False,False,US15US0224,Voted out pre-jury,Old School (with advantages)
US,US15,15,Dave Cruser,US0225,37.0,Simi Valley,California,4.0,12.0,4.0,4th voted out,nan,13,Zhan Hu,False,False,False,US15US0225,Voted out pre-jury,Old School (with advantages)
US,US15,15,Aaron Reisberger,US0226,32.0,Venice,California,5.0,15.0,5.0,5th voted out,nan,12,Fei Long,False,False,False,US15US0226,Voted out pre-jury,Old School (with advantages)
US,US15,15,Sherea Lloyd,US0227,26.0,Atlanta,Georgia,6.0,18.0,6.0,6th voted out,nan,11,Zhan Hu,False,False,False,US15US0227,Voted out pre-jury,Old School (with advantages)
US,US15,15,Jaime Dugan,US0228,22.0,Columbia,South Carolina,7.0,21.0,7.0,7th voted out,1st jury member,10,Zhan Hu,True,False,False,US15US0228,Jury,Old School (with advantages)
US,US15,15,Jean-Robert Bellande,US0229,36.0,Las Vegas,Nevada,8.0,24.0,8.0,8th voted out,2nd jury member,9,Fei Long,True,False,False,US15US0229,Jury,Old School (with advantages)
US,US15,15,Michael Zernow,US0230,20.0,Chicago,Illinois,9.0,27.0,9.0,9th voted out,3rd jury member,8,Zhan Hu,True,False,False,US15US0230,Jury,Old School (with advantages)
US,US15,15,James Clement,US0231,30.0,Lafayette,Louisiana,11.0,30.0,10.0,10th voted out,4th jury member,7,Fei Long,True,False,False,US15US0231,Jury,Old School (with advantages)
US,US16,16,James Clement,US0231,30.0,Lafayette,Louisiana,12.0,31.0,14.0,Medically evacuated,4th jury member,7,Malakal,True,False,False,US16US0231,Jury,Old School (with advantages)
US,US20,20,James Clement,US0231,32.0,Lafayette,Louisiana,6.0,15.0,7.0,7th voted out,nan,14,Heroes,False,False,False,US20US0231,Voted out pre-jury,Old School (with advantages)
US,US15,15,Erik Huffman,US0232,26.0,Nashville,Tennessee,12.0,33.0,11.0,11th voted out,5th jury member,6,Zhan Hu,True,False,False,US15US0232,Jury,Old School (with advantages)
US,US15,15,Peih-Gee Law,US0233,29.0,Marina del Rey,California,13.0,36.0,12.0,12th voted out,6th jury member,5,Zhan Hu,True,False,False,US15US0233,Jury,Old School (with advantages)
US,US31,31,Peih-Gee Law,US0233,37.0,San Francisco,California,3.0,9.0,3.0,3rd voted out,nan,18,Ta Keo,False,False,False,US31US0233,Voted out pre-jury,New School
US,US15,15,Denise Martin,US0234,40.0,Douglas,Massachusetts,14.0,38.0,13.0,13th voted out,7th jury member,4,Fei Long,True,False,False,US15US0234,Jury,Old School (with advantages)
US,US15,15,Amanda Kimmel,US0235,22.0,Los Angeles,California,14.0,39.0,14.0,2nd runner-up,nan,3,Fei Long,False,True,False,US15US0235,Finalist,Old School (with advantages)
US,US16,16,Amanda Kimmel,US0235,23.0,Los Angeles,California,14.0,39.0,19.0,Runner-up,nan,2,Malakal,False,True,False,US16US0235,Finalist,Old School (with advantages)
US,US20,20,Amanda Kimmel,US0235,25.0,Los Angeles,California,11.0,30.0,12.0,12th voted out,4th jury member,9,Heroes,True,False,False,US20US0235,Jury,Old School (with advantages)
US,US15,15,Courtney Yates,US0236,26.0,New York City,New York,14.0,39.0,15.0,Runner-up,nan,2,Fei Long,False,True,False,US15US0236,Finalist,Old School (with advantages)
US,US20,20,Courtney Yates,US0236,28.0,New York City,New York,9.0,24.0,10.0,10th voted out,2nd jury member,11,Villains,True,False,False,US20US0236,Jury,Old School (with advantages)
US,US15,15,Todd Herzog,US0237,22.0,Pleasant Grove,Utah,14.0,39.0,16.0,Sole Survivor,nan,1,Fei Long,False,True,True,US15US0237,Winner,Old School (with advantages)
US,US16,16,Mary Sartain,US0238,29.0,Emeryville,California,2.0,6.0,2.0,2nd voted out,nan,19,Airai,False,False,False,US16US0238,Voted out pre-jury,Old School (with advantages)
US,US16,16,Michael Bortone,US0239,34.0,Los Angeles,California,4.0,11.0,4.0,4th voted out,nan,17,Airai,False,False,False,US16US0239,Voted out pre-jury,Old School (with advantages)
US,US16,16,Joel Anderson,US0240,32.0,Avondale,Arizona,5.0,14.0,5.0,5th voted out,nan,16,Airai,False,False,False,US16US0240,Voted out pre-jury,Old School (with advantages)
US,US16,16,Chet Welch,US0241,48.0,Ford City,Pennsylvania,6.0,17.0,7.0,6th voted out,nan,14,Airai,False,False,False,US16US0241,Voted out pre-jury,Old School (with advantages)
US,US16,16,Kathleen Sleckman,US0242,45.0,Glen Ellyn,Illinois,7.0,19.0,8.0,Quit,nan,13,Airai,False,False,False,US16US0242,Voted out pre-jury,Old School (with advantages)
US,US16,16,Tracy Hughes-Wolf,US0243,43.0,Fredericksburg,Virginia,7.0,20.0,9.0,7th voted out,nan,12,Airai,False,False,False,US16US0243,Voted out pre-jury,Old School (with advantages)
US,US16,16,Jason Siska,US0244,22.0,Fox River Grove,Illinois,11.0,30.0,13.0,11th voted out,3rd jury member,8,Airai,True,False,False,US16US0244,Jury,Old School (with advantages)
US,US16,16,Alexis Jones,US0245,24.0,Beverly Hills,California,12.0,33.0,15.0,12th voted out,5th jury member,6,Airai,True,False,False,US16US0245,Jury,Old School (with advantages)
US,US16,16,Erik Reichenbach,US0246,22.0,Ypsilanti,Michigan,13.0,36.0,16.0,13th voted out,6th jury member,5,Airai,True,False,False,US16US0246,Jury,Old School (with advantages)
US,US26,26,Erik Reichenbach,US0246,27.0,Santa Clarita,California,13.0,36.0,16.0,Medically evacuated,7th jury member,5,Bikal,True,False,False,US26US0246,Jury,New School
US,US16,16,Natalie Bolton,US0247,32.0,West Hollywood,California,14.0,37.0,17.0,14th voted out,7th jury member,4,Airai,True,False,False,US16US0247,Jury,Old School (with advantages)
US,US17,17,Michelle Chase,US0248,24.0,Los Angeles,California,1.0,3.0,1.0,1st voted out,nan,18,Fang,False,False,False,US17US0248,Voted out pre-jury,Old School (with advantages)
US,US17,17,Gillian Larson,US0249,61.0,Temecula,California,1.0,6.0,2.0,2nd voted out,nan,17,Fang,False,False,False,US17US0249,Voted out pre-jury,Old School (with advantages)
US,US17,17,Paloma Soto-Castillo,US0250,23.0,Downey,California,2.0,9.0,3.0,3rd voted out,nan,16,Kota,False,False,False,US17US0250,Voted out pre-jury,Old School (with advantages)
US,US17,17,Jacquie Berg,US0251,25.0,Santa Barbara,California,3.0,12.0,4.0,4th voted out,nan,15,Kota,False,False,False,US17US0251,Voted out pre-jury,Old School (with advantages)
US,US17,17,Danny Brown,US0252,25.0,Portland,Oregon,4.0,15.0,5.0,5th voted out,nan,14,Fang,False,False,False,US17US0252,Voted out pre-jury,Old School (with advantages)
US,US17,17,Kelly Czarnecki,US0253,22.0,Buffalo Grove,Illinois,5.0,18.0,6.0,6th voted out,nan,13,Kota,False,False,False,US17US0253,Voted out pre-jury,Old School (with advantages)
US,US17,17,Ace Gordon,US0254,27.0,Naples,Florida,6.0,21.0,7.0,7th voted out,nan,12,Kota,False,False,False,US17US0254,Voted out pre-jury,Old School (with advantages)
US,US17,17,Dan Kay,US0255,32.0,Boston,Massachusetts,6.0,21.0,8.0,8th voted out,nan,11,Fang,False,False,False,US17US0255,Voted out pre-jury,Old School (with advantages)
US,US17,17,Marcus Lehman,US0256,28.0,Atlanta,Georgia,7.0,24.0,9.0,9th voted out,1st jury member,10,Kota,True,False,False,US17US0256,Jury,Old School (with advantages)
US,US17,17,Charlie Herschel,US0257,29.0,New York City,New York,8.0,27.0,10.0,10th voted out,2nd jury member,9,Kota,True,False,False,US17US0257,Jury,Old School (with advantages)
US,US17,17,Randy Bailey,US0258,49.0,Eagle Rock,Missouri,9.0,30.0,11.0,11th voted out,3rd jury member,8,Fang,True,False,False,US17US0258,Jury,Old School (with advantages)
US,US20,20,Randy Bailey,US0258,50.0,Austin,Texas,3.0,8.0,3.0,3rd voted out,nan,18,Villains,False,False,False,US20US0258,Voted out pre-jury,Old School (with advantages)
US,US17,17,Corinne Kaplan,US0259,29.0,Los Angeles,California,11.0,33.0,12.0,12th voted out,4th jury member,7,Kota,True,False,False,US17US0259,Jury,Old School (with advantages)
US,US26,26,Corinne Kaplan,US0259,33.0,Los Angeles,California,8.0,22.0,9.0,8th voted out,nan,12,Bikal,False,False,False,US26US0259,Voted out pre-jury,New School
US,US17,17,Crystal Cox,US0260,29.0,Durham,North Carolina,12.0,36.0,13.0,13th voted out,5th jury member,6,Fang,True,False,False,US17US0260,Jury,Old School (with advantages)
US,US17,17,Ken Hoang,US0261,22.0,Westminster,California,13.0,37.0,14.0,14th voted out,6th jury member,5,Fang,True,False,False,US17US0261,Jury,Old School (with advantages)
US,US17,17,Matty Whitmore,US0262,29.0,Pacific Palisades,California,13.0,38.0,15.0,Lost fire challenge,7th jury member,4,Fang,True,False,False,US17US0262,Jury,Old School (with advantages)
US,US17,17,Jessica Kiper,US0263,29.0,Brooklyn,New York,13.0,39.0,16.0,2nd runner-up,nan,3,Kota,False,True,False,US17US0263,Finalist,Old School (with advantages)
US,US20,20,Jessica Kiper,US0263,30.0,Los Angeles,California,1.0,3.0,1.0,1st voted out,nan,20,Heroes,False,False,False,US20US0263,Voted out pre-jury,Old School (with advantages)
US,US17,17,Susie Smith,US0264,47.0,Charles City,Iowa,13.0,39.0,17.0,Runner-up,nan,2,Fang,False,True,False,US17US0264,Finalist,Old School (with advantages)
US,US17,17,Robert Crowley,US0265,57.0,South Portland,Maine,13.0,39.0,18.0,Sole Survivor,nan,1,Kota,False,True,True,US17US0265,Winner,Old School (with advantages)
US,US18,18,Carolina Eastwood,US0266,26.0,West Hollywood,California,1.0,3.0,1.0,1st voted out,nan,16,Jalapao,False,False,False,US18US0266,Voted out pre-jury,Old School (with advantages)
US,US18,18,Candace Smith,US0267,31.0,Los Angeles,California,2.0,6.0,2.0,2nd voted out,nan,15,Timbira,False,False,False,US18US0267,Voted out pre-jury,Old School (with advantages)
US,US18,18,Jerry Sims,US0268,49.0,Rock Hill,South Carolina,3.0,9.0,3.0,3rd voted out,nan,14,Timbira,False,False,False,US18US0268,Voted out pre-jury,Old School (with advantages)
US,US18,18,Sandy Burgin,US0269,53.0,Louisville,Kentucky,4.0,12.0,4.0,4th voted out,nan,13,Jalapao,False,False,False,US18US0269,Voted out pre-jury,Old School (with advantages)
US,US18,18,Spencer Duhm,US0270,19.0,Gainesville,Florida,5.0,15.0,5.0,5th voted out,nan,12,Jalapao,False,False,False,US18US0270,Voted out pre-jury,Old School (with advantages)
US,US18,18,Sydney Wheeler,US0271,24.0,San Diego,California,7.0,18.0,6.0,6th voted out,nan,11,Jalapao,False,False,False,US18US0271,Voted out pre-jury,Old School (with advantages)
US,US18,18,Joe Dowdle,US0272,26.0,Austin,Texas,8.0,20.0,7.0,Medically evacuated,nan,10,Jalapao,False,False,False,US18US0272,Voted out pre-jury,Old School (with advantages)
US,US18,18,Brendan Synnott,US0273,30.0,Vail,Colorado,9.0,24.0,8.0,7th voted out,1st jury member,9,Timbira,True,False,False,US18US0273,Jury,Old School (with advantages)
US,US18,18,Tyson Apostol,US0274,29.0,Heber City,Utah,10.0,27.0,9.0,8th voted out,2nd jury member,8,Timbira,True,False,False,US18US0274,Jury,Old School (with advantages)
US,US20,20,Tyson Apostol,US0274,30.0,Heber City,Utah,6.0,15.0,6.0,6th voted out,nan,15,Villains,False,False,False,US20US0274,Voted out pre-jury,Old School (with advantages)
US,US27,27,Tyson Apostol,US0274,34.0,Provo,Utah,14.0,39.0,23.0,Sole Survivor,nan,1,Galang,False,True,True,US27US0274,Winner,New School
US,US40,40,Tyson Apostol,US0274,39.0,Mesa,Arizona,10.0,25.0,12.0,12th voted out,9th jury member,11,Dakal,True,False,False,US40US0274,Jury,New School
US,US18,18,Sierra Reed,US0275,23.0,Los Angeles,California,11.0,30.0,10.0,9th voted out,3rd jury member,7,Timbira,True,False,False,US18US0275,Jury,Old School (with advantages)
US,US18,18,Debra Beebe,US0276,46.0,Auburn,Alabama,12.0,33.0,11.0,10th voted out,4th jury member,6,Timbira,True,False,False,US18US0276,Jury,Old School (with advantages)
US,US18,18,Benjamin Wade,US0277,37.0,Bolivar,Missouri,13.0,36.0,12.0,11th voted out,5th jury member,5,Timbira,True,False,False,US18US0277,Jury,Old School (with advantages)
US,US20,20,Benjamin Wade,US0277,38.0,Susanville,California,8.0,21.0,9.0,9th voted out,1st jury member,12,Villains,True,False,False,US20US0277,Jury,Old School (with advantages)
US,US23,23,Benjamin Wade,US0277,39.0,Susanville,California,15.0,39.0,19.0,Runner-up,nan,2,Upolu,False,True,False,US23US0277,Finalist,New School
US,US50,50,Benjamin Wade,US0277,,nan,nan,,,,nan,nan,19,nan,False,True,True,US50US0277,Winner,New Era
US,US18,18,Tamara Johnson-George,US0278,37.0,Nashville,Tennessee,14.0,37.0,13.0,12th voted out,6th jury member,4,Jalapao,True,False,False,US18US0278,Jury,Old School (with advantages)
US,US18,18,Erinn Lobdell,US0279,26.0,Milwaukee,Wisconsin,14.0,38.0,14.0,13th voted out,7th jury member,3,Timbira,True,False,False,US18US0279,Jury,Old School (with advantages)
US,US18,18,Stephen Fishbach,US0280,29.0,New York City,New York,14.0,39.0,15.0,Runner-up,nan,2,Jalapao,False,True,False,US18US0280,Finalist,Old School (with advantages)
US,US31,31,Stephen Fishbach,US0280,36.0,New York City,New York,11.0,29.0,12.0,11th voted out,5th jury member,9,Bayon,True,False,False,US31US0280,Jury,New School
US,US18,18,James Thomas Jr.,US0281,24.0,Mobile,Alabama,14.0,39.0,16.0,Sole Survivor,nan,1,Jalapao,False,True,True,US18US0281,Winner,Old School (with advantages)
US,US20,20,James Thomas Jr.,US0281,25.0,Mobile,Alabama,10.0,27.0,11.0,11th voted out,3rd jury member,10,Heroes,True,False,False,US20US0281,Jury,Old School (with advantages)
US,US34,34,James Thomas Jr.,US0281,31.0,Mobile,Alabama,4.0,13.0,5.0,5th voted out,nan,16,Nuku,False,False,False,US34US0281,Voted out pre-jury,New School
US,US19,19,Marisa Calihan,US0282,26.0,Cincinnati,Ohio,1.0,3.0,1.0,1st voted out,nan,20,Foa Foa,False,False,False,US19US0282,Voted out pre-jury,Old School (with advantages)
US,US19,19,Mike Borassi,US0283,62.0,Marina del Rey,California,2.0,5.0,2.0,Medically evacuated,nan,19,Foa Foa,False,False,False,US19US0283,Voted out pre-jury,Old School (with advantages)
US,US19,19,Betsy Bolan,US0284,48.0,Campton,New Hampshire,2.0,6.0,3.0,2nd voted out,nan,18,Foa Foa,False,False,False,US19US0284,Voted out pre-jury,Old School (with advantages)
US,US19,19,Ben Browning,US0285,28.0,Los Angeles,California,3.0,8.0,4.0,3rd voted out,nan,17,Foa Foa,False,False,False,US19US0285,Voted out pre-jury,Old School (with advantages)
US,US19,19,Yasmin Giles,US0286,33.0,Los Angeles,California,4.0,11.0,5.0,4th voted out,nan,16,Galu,False,False,False,US19US0286,Voted out pre-jury,Old School (with advantages)
US,US19,19,Ashley Trainer,US0287,22.0,Maple Grove,Minnesota,5.0,14.0,6.0,5th voted out,nan,15,Foa Foa,False,False,False,US19US0287,Voted out pre-jury,Old School (with advantages)
US,US19,19,Russell Swan,US0288,42.0,Glenside,Pennsylvania,6.0,15.0,7.0,Medically evacuated,nan,14,Galu,False,False,False,US19US0288,Voted out pre-jury,Old School (with advantages)
US,US25,25,Russell Swan,US0288,45.0,Glenside,Pennsylvania,4.0,10.0,4.0,4th voted out,nan,15,Matsing,False,False,False,US25US0288,Voted out pre-jury,New School
US,US19,19,Elizabeth Kim,US0289,33.0,New York City,New York,7.0,18.0,8.0,6th voted out,nan,13,Foa Foa,False,False,False,US19US0289,Voted out pre-jury,Old School (with advantages)
US,US19,19,Erik Cardona,US0290,28.0,Los Angeles,California,8.0,21.0,9.0,7th voted out,1st jury member,12,Galu,True,False,False,US19US0290,Jury,Old School (with advantages)
US,US19,19,Kelly Sharbaugh,US0291,25.0,San Diego,California,9.0,24.0,10.0,8th voted out,2nd jury member,11,Galu,True,False,False,US19US0291,Jury,Old School (with advantages)
US,US19,19,Laura Morett,US0292,39.0,Salem,Oregon,10.0,27.0,11.0,9th voted out,3rd jury member,10,Galu,True,False,False,US19US0292,Jury,Old School (with advantages)
US,US27,27,Laura Morett,US0292,43.0,Salem,Oregon,10.0,26.0,15.0,13th voted out,6th jury member,9,Galang,True,False,False,US27US0292,Jury,New School
US,US19,19,John Fincher,US0293,25.0,Santa Monica,California,12.0,30.0,12.0,10th voted out,4th jury member,9,Galu,True,False,False,US19US0293,Jury,Old School (with advantages)
US,US19,19,Dave Ball,US0294,38.0,Los Angeles,California,13.0,31.0,13.0,11th voted out,5th jury member,8,Galu,True,False,False,US19US0294,Jury,Old School (with advantages)
US,US19,19,Monica Padilla,US0295,25.0,San Diego,California,13.0,33.0,14.0,12th voted out,6th jury member,7,Galu,True,False,False,US19US0295,Jury,Old School (with advantages)
US,US31,31,Monica Padilla,US0295,30.0,Queens,New York,5.0,13.0,5.0,5th voted out,nan,16,Bayon,False,False,False,US31US0295,Voted out pre-jury,New School
US,US19,19,Shannon Waters,US0296,45.0,Renton,Washington,14.0,36.0,15.0,13th voted out,7th jury member,6,Galu,True,False,False,US19US0296,Jury,Old School (with advantages)
US,US19,19,Jaison Robinson,US0297,28.0,Chicago,Illinois,15.0,37.0,16.0,14th voted out,8th jury member,5,Foa Foa,True,False,False,US19US0297,Jury,Old School (with advantages)
US,US19,19,Brett Clouser,US0298,23.0,Los Angeles,California,15.0,38.0,17.0,15th voted out,9th jury member,4,Galu,True,False,False,US19US0298,Jury,Old School (with advantages)
US,US19,19,Mick Trimming,US0299,33.0,Los Angeles,California,15.0,39.0,18.0,2nd runner-up,nan,3,Foa Foa,False,True,False,US19US0299,Finalist,Old School (with advantages)
US,US19,19,Russell Hantz,US0300,36.0,Dayton,Texas,15.0,39.0,19.0,Runner-up,nan,2,Foa Foa,False,True,False,US19US0300,Finalist,Old School (with advantages)
US,US20,20,Russell Hantz,US0300,36.0,Dayton,Texas,14.0,39.0,18.0,2nd runner-up,nan,3,Villains,False,True,False,US20US0300,Finalist,Old School (with advantages)
US,US22,22,Russell Hantz,US0300,37.0,Dayton,Texas,3.0,8.0,3.0,3rd voted out,nan,17,Zapatera,False,False,False,US22US0300,Voted out pre-jury,New School
US,US19,19,Natalie White,US0301,26.0,Van Buren,Arkansas,15.0,39.0,20.0,Sole Survivor,nan,1,Foa Foa,False,True,True,US19US0301,Winner,Old School (with advantages)
US,US21,21,Wendy-Jo DeSmidt-Kohlhoff,US0302,48.0,Fromberg,Montana,1.0,3.0,1.0,1st voted out,nan,20,Espada,False,False,False,US21US0302,Voted out pre-jury,New School
US,US21,21,Shannon Elkins,US0303,30.0,Lafayette,Louisiana,2.0,6.0,2.0,2nd voted out,nan,19,La Flor,False,False,False,US21US0303,Voted out pre-jury,New School
US,US21,21,Jimmy Johnson,US0304,67.0,Islamorada,Florida,3.0,8.0,3.0,3rd voted out,nan,18,Espada,False,False,False,US21US0304,Voted out pre-jury,New School
US,US21,21,James Tarantino,US0305,48.0,Gloucester,Massachusetts,4.0,11.0,4.0,4th voted out,nan,17,Espada,False,False,False,US21US0305,Voted out pre-jury,New School
US,US21,21,Tyrone Davis,US0306,42.0,Inglewood,California,5.0,14.0,5.0,5th voted out,nan,16,Espada,False,False,False,US21US0306,Voted out pre-jury,New School
US,US21,21,Kelly Bruno,US0307,26.0,Durham,North Carolina,6.0,15.0,6.0,6th voted out,nan,15,La Flor,False,False,False,US21US0307,Voted out pre-jury,New School
US,US21,21,Yve Rojas,US0308,41.0,Kansas City,Missouri,6.0,15.0,7.0,7th voted out,nan,14,Espada,False,False,False,US21US0308,Voted out pre-jury,New School
US,US21,21,Jill Behm,US0309,43.0,Erie,Pennsylvania,7.0,18.0,8.0,8th voted out,nan,13,Espada,False,False,False,US21US0309,Voted out pre-jury,New School
US,US21,21,Alina Wilson,US0310,23.0,Downey,California,8.0,22.0,9.0,9th voted out,1st jury member,12,La Flor,True,False,False,US21US0310,Jury,New School
US,US21,21,Marty Piombo,US0311,48.0,Mill Valley,California,9.0,24.0,10.0,10th voted out,2nd jury member,11,Espada,True,False,False,US21US0311,Jury,New School
US,US21,21,Brenda Lowe,US0312,27.0,Miami,Florida,10.0,27.0,11.0,11th voted out,3rd jury member,10,La Flor,True,False,False,US21US0312,Jury,New School
US,US26,26,Brenda Lowe,US0312,29.0,Miami,Florida,13.0,36.0,15.0,14th voted out,6th jury member,6,Bikal,True,False,False,US26US0312,Jury,New School
US,US21,21,NaOnka Mixon,US0313,27.0,Los Angeles,California,12.0,28.0,12.0,Quit,4th jury member,9,La Flor,True,False,False,US21US0313,Jury,New School
US,US21,21,Kelly Shinn,US0314,20.0,Mesa,Arizona,12.0,28.0,13.0,Quit,5th jury member,8,La Flor,True,False,False,US21US0314,Jury,New School
US,US21,21,Ben Henry,US0315,24.0,Los Angeles,California,13.0,32.0,14.0,12th voted out,6th jury member,7,La Flor,True,False,False,US21US0315,Jury,New School
US,US21,21,Jane Bright,US0316,56.0,Jackson Springs,North Carolina,14.0,36.0,15.0,13th voted out,7th jury member,6,Espada,True,False,False,US21US0316,Jury,New School
US,US21,21,Dan Lembo,US0317,63.0,Water Mill,New York,15.0,37.0,16.0,14th voted out,8th jury member,5,Espada,True,False,False,US21US0317,Jury,New School
US,US21,21,Holly Hoffman,US0318,44.0,Eureka,South Dakota,15.0,38.0,17.0,15th voted out,9th jury member,4,Espada,True,False,False,US21US0318,Jury,New School
US,US21,21,Matthew Lenahan,US0319,30.0,New York City,New York,15.0,39.0,18.0,2nd runner-up,nan,3,La Flor,False,True,False,US21US0319,Finalist,New School
US,US21,21,Chase Rice,US0320,24.0,Fairview,North Carolina,15.0,39.0,19.0,Runner-up,nan,2,La Flor,False,True,False,US21US0320,Finalist,New School
US,US21,21,Jud Birza,US0321,21.0,Venice,California,15.0,39.0,20.0,Sole Survivor,nan,1,La Flor,False,True,True,US21US0321,Winner,New School
US,US22,22,Francesca Hogi,US0322,36.0,Washington,D.C.,1.0,3.0,1.0,1st voted out,nan,18,Ometepe,False,False,False,US22US0322,Voted out pre-jury,New School
US,US26,26,Francesca Hogi,US0322,38.0,Brooklyn,New York,1.0,3.0,1.0,1st voted out,nan,20,Bikal,False,False,False,US26US0322,Voted out pre-jury,New School
US,US22,22,Matt Elrod,US0323,22.0,Nashville,Tennessee,8.0,21.0,8.0,8th voted out,6th jury member,12,Ometepe,True,False,False,US22US0323,Jury,New School
US,US22,22,Kristina Kell,US0324,46.0,Malibu,California,4.0,11.0,4.0,4th voted out,nan,16,Ometepe,False,False,False,US22US0324,Voted out pre-jury,New School
US,US22,22,Krista Klumpp,US0325,25.0,Columbia,South Carolina,5.0,13.0,5.0,5th voted out,nan,15,Zapatera,False,False,False,US22US0325,Voted out pre-jury,New School
US,US22,22,Stephanie Valencia,US0326,26.0,Long Beach,California,6.0,16.0,6.0,6th voted out,nan,14,Zapatera,False,False,False,US22US0326,Voted out pre-jury,New School
US,US22,22,Sarita White,US0327,36.0,Santa Monica,California,7.0,18.0,7.0,7th voted out,nan,13,Zapatera,False,False,False,US22US0327,Voted out pre-jury,New School
US,US22,22,Mike Chiesl,US0328,31.0,Del Mar,California,9.0,22.0,9.0,9th voted out,7th jury member,11,Zapatera,True,False,False,US22US0328,Jury,New School
US,US22,22,David Murphy,US0329,31.0,West Hollywood,California,9.0,24.0,10.0,10th voted out,1st jury member,10,Zapatera,True,False,False,US22US0329,Jury,New School
US,US22,22,Julie Wolfe,US0330,50.0,Oceanside,California,10.0,27.0,11.0,11th voted out,2nd jury member,9,Zapatera,True,False,False,US22US0330,Jury,New School
US,US22,22,Ralph Kiser,US0331,45.0,Lebanon,Virginia,11.0,30.0,12.0,12th voted out,4th jury member,8,Zapatera,True,False,False,US22US0331,Jury,New School
US,US22,22,Steve Wright,US0332,51.0,Huntington Beach,California,11.0,30.0,13.0,13th voted out,3rd jury member,7,Zapatera,True,False,False,US22US0332,Jury,New School
US,US22,22,Andrea Boehlke,US0333,21.0,Random Lake,Wisconsin,14.0,37.0,16.0,16th voted out,8th jury member,5,Ometepe,True,False,False,US22US0333,Jury,New School
US,US26,26,Andrea Boehlke,US0333,23.0,New York City,New York,12.0,33.0,14.0,13th voted out,5th jury member,7,Bikal,True,False,False,US26US0333,Jury,New School
US,US34,34,Andrea Boehlke,US0333,27.0,New York City,New York,11.0,33.0,13.0,13th voted out,6th jury member,8,Nuku,True,False,False,US34US0333,Jury,New School
US,US22,22,Grant Mattos,US0334,29.0,West Hollywood,California,13.0,35.0,15.0,15th voted out,5th jury member,6,Ometepe,True,False,False,US22US0334,Jury,New School
US,US22,22,Ashley Underwood,US0335,25.0,Benton,Maine,14.0,38.0,17.0,17th voted out,9th jury member,4,Ometepe,True,False,False,US22US0335,Jury,New School
US,US22,22,Natalie Tenerelli,US0336,19.0,Acton,California,14.0,39.0,18.0,2nd runner-up,nan,3,Ometepe,False,True,False,US22US0336,Finalist,New School
US,US22,22,Phillip Sheppard,US0337,52.0,Santa Monica,California,14.0,39.0,19.0,Runner-up,nan,2,Ometepe,False,True,False,US22US0337,Finalist,New School
US,US26,26,Phillip Sheppard,US0337,54.0,Santa Monica,California,10.0,28.0,11.0,10th voted out,2nd jury member,10,Bikal,True,False,False,US26US0337,Jury,New School
US,US23,23,Semhar Tadesse,US0338,24.0,Los Angeles,California,1.0,3.0,1.0,1st voted out,nan,18,Savaii,False,False,False,US23US0338,Voted out pre-jury,New School
US,US23,23,Christine Shields Markoski,US0339,39.0,Merrick,New York,2.0,5.0,2.0,2nd voted out,nan,17,Upolu,False,False,False,US23US0339,Voted out pre-jury,New School
US,US23,23,Mark Caruso,US0340,48.0,Forest Hills,New York,3.0,8.0,3.0,3rd voted out,nan,16,Savaii,False,False,False,US23US0340,Voted out pre-jury,New School
US,US23,23,Stacey Powell,US0341,44.0,Grand Prairie,Texas,4.0,11.0,4.0,4th voted out,nan,15,Upolu,False,False,False,US23US0341,Voted out pre-jury,New School
US,US23,23,Elyse Umemoto,US0342,27.0,Las Vegas,Nevada,5.0,14.0,5.0,5th voted out,nan,14,Savaii,False,False,False,US23US0342,Voted out pre-jury,New School
US,US23,23,Mikayla Wingle,US0343,22.0,Tampa,Florida,6.0,16.0,6.0,6th voted out,nan,13,Upolu,False,False,False,US23US0343,Voted out pre-jury,New School
US,US23,23,Keith Tollefson,US0344,26.0,Edina,Minnesota,8.0,21.0,8.0,8th voted out,2nd jury member,12,Savaii,True,False,False,US23US0344,Jury,New School
US,US23,23,Jim Rice,US0345,35.0,Denver,Colorado,9.0,24.0,10.0,10th voted out,1st jury member,11,Savaii,True,False,False,US23US0345,Jury,New School
US,US23,23,Dawn Meehan,US0346,41.0,South Jordan,Utah,10.0,27.0,11.0,11th voted out,3rd jury member,10,Savaii,True,False,False,US23US0346,Jury,New School
US,US26,26,Dawn Meehan,US0346,42.0,South Jordan,Utah,14.0,39.0,19.0,Runner-up,nan,2,Bikal,False,True,False,US26US0346,Finalist,New School
US,US23,23,Whitney Duncan,US0347,27.0,Nashville,Tennessee,10.0,27.0,12.0,12th voted out,4th jury member,9,Savaii,True,False,False,US23US0347,Jury,New School
US,US23,23,John Cochran,US0348,24.0,Washington,D.C.,12.0,30.0,13.0,13th voted out,5th jury member,8,Savaii,True,False,False,US23US0348,Jury,New School
US,US26,26,John Cochran,US0348,25.0,Washington,D.C.,14.0,39.0,20.0,Sole Survivor,nan,1,Bikal,False,True,True,US26US0348,Winner,New School
US,US23,23,Edna Ma,US0349,35.0,Los Angeles,California,13.0,32.0,14.0,14th voted out,6th jury member,7,Upolu,True,False,False,US23US0349,Jury,New School
US,US23,23,Brandon Hantz,US0350,19.0,Katy,Texas,14.0,35.0,15.0,15th voted out,7th jury member,6,Upolu,True,False,False,US23US0350,Jury,New School
US,US26,26,Brandon Hantz,US0350,20.0,Katy,Texas,5.0,13.0,6.0,5th voted out,nan,15,Bikal,False,False,False,US26US0350,Voted out pre-jury,New School
US,US23,23,Rick Nelson,US0351,51.0,Aurora,Utah,15.0,37.0,16.0,16th voted out,8th jury member,5,Upolu,True,False,False,US23US0351,Jury,New School
US,US23,23,Albert Destrade,US0352,26.0,Plantation,Florida,15.0,39.0,18.0,2nd runner-up,nan,3,Upolu,False,True,False,US23US0352,Finalist,New School
US,US23,23,Sophie Clarke,US0353,22.0,Willsboro,New York,15.0,39.0,20.0,Sole Survivor,nan,1,Upolu,False,True,True,US23US0353,Winner,New School
US,US40,40,Sophie Clarke,US0353,29.0,Santa Monica,California,11.0,28.0,13.0,13th voted out,10th jury member,10,Dakal,True,False,False,US40US0353,Jury,New School
US,US24,24,Kourtney Moon,US0354,29.0,Austin,Texas,1.0,3.0,1.0,Medically evacuated,nan,18,Salani,False,False,False,US24US0354,Voted out pre-jury,New School
US,US24,24,Nina Acosta,US0355,51.0,Clovis,California,2.0,5.0,2.0,1st voted out,nan,17,Salani,False,False,False,US24US0355,Voted out pre-jury,New School
US,US24,24,Matt Quinlan,US0356,33.0,San Francisco,California,3.0,8.0,3.0,2nd voted out,nan,16,Manono,False,False,False,US24US0356,Voted out pre-jury,New School
US,US24,24,Bill Posley,US0357,28.0,Venice,California,4.0,11.0,4.0,3rd voted out,nan,15,Manono,False,False,False,US24US0357,Voted out pre-jury,New School
US,US24,24,Monica Culpepper,US0358,41.0,Tampa,Florida,5.0,14.0,5.0,4th voted out,nan,14,Salani,False,False,False,US24US0358,Voted out pre-jury,New School
US,US27,27,Monica Culpepper,US0358,42.0,Tampa,Florida,14.0,39.0,22.0,Runner-up,nan,2,Galang,False,True,False,US27US0358,Finalist,New School
US,US24,24,Colton Cumbie,US0359,21.0,Monroeville,Alabama,6.0,16.0,6.0,Medically evacuated,nan,13,Manono,False,False,False,US24US0359,Voted out pre-jury,New School
US,US27,27,Colton Cumbie,US0359,22.0,Collinsville,Alabama,3.0,7.0,6.0,Quit,nan,16,Galang,False,False,False,US27US0359,Voted out pre-jury,New School
US,US24,24,Jonas Otsuji,US0360,37.0,Lehi,Utah,7.0,20.0,7.0,5th voted out,1st jury member,12,Manono,True,False,False,US24US0360,Jury,New School
US,US24,24,Michael Jefferson,US0361,30.0,Seattle,Washington,8.0,22.0,8.0,6th voted out,2nd jury member,11,Manono,True,False,False,US24US0361,Jury,New School
US,US24,24,Jay Byars,US0362,25.0,Gaffney,South Carolina,9.0,25.0,9.0,7th voted out,3rd jury member,10,Manono,True,False,False,US24US0362,Jury,New School
US,US24,24,Leif Manson,US0363,27.0,San Diego,California,10.0,27.0,10.0,8th voted out,4th jury member,9,Manono,True,False,False,US24US0363,Jury,New School
US,US24,24,Troy Robertson,US0364,50.0,Miami,Florida,11.0,30.0,11.0,9th voted out,5th jury member,8,Manono,True,False,False,US24US0364,Jury,New School
US,US34,34,Troy Robertson,US0364,54.0,Miami,Florida,12.0,39.0,18.0,2nd runner-up,nan,3,Mana,False,True,False,US34US0364,Finalist,New School
US,US24,24,Kat Edorsson,US0365,22.0,Orlando,Florida,12.0,33.0,12.0,10th voted out,6th jury member,7,Salani,True,False,False,US24US0365,Jury,New School
US,US27,27,Kat Edorsson,US0365,23.0,Orlando,Florida,6.0,16.0,10.0,8th voted out,nan,13,Galang,False,False,False,US27US0365,Voted out pre-jury,New School
US,US24,24,Greg Smith,US0366,64.0,Houston,Texas,13.0,36.0,13.0,11th voted out,7th jury member,6,Manono,True,False,False,US24US0366,Jury,New School
US,US24,24,Alicia Rosa,US0367,25.0,Chicago,Illinois,14.0,37.0,14.0,12th voted out,8th jury member,5,Salani,True,False,False,US24US0367,Jury,New School
US,US24,24,Christina Cha,US0368,29.0,Hollywood,California,14.0,38.0,15.0,13th voted out,9th jury member,4,Salani,True,False,False,US24US0368,Jury,New School
US,US24,24,Chelsea Meissner,US0369,26.0,Charleston,South Carolina,14.0,39.0,16.0,2nd runner-up,nan,3,Salani,False,True,False,US24US0369,Finalist,New School
US,US24,24,Sabrina Thompson,US0370,33.0,Brooklyn,New York,14.0,39.0,17.0,Runner-up,nan,2,Salani,False,True,False,US24US0370,Finalist,New School
US,US24,24,Kim Spradlin,US0371,29.0,San Antonio,Texas,14.0,39.0,18.0,Sole Survivor,nan,1,Salani,False,True,True,US24US0371,Winner,New School
US,US40,40,Kim Spradlin-Wolfe,US0371,36.0,San Antonio,Texas,12.0,29.0,14.0,14th voted out,11th jury member,9,Dakal,True,False,False,US40US0371,Jury,New School
US,US25,25,Zane Knight,US0372,28.0,Danville,Virginia,1.0,3.0,1.0,1st voted out,nan,18,Matsing,False,False,False,US25US0372,Voted out pre-jury,New School
US,US25,25,Roxanne Morris,US0373,28.0,Brooklyn,New York,2.0,6.0,2.0,2nd voted out,nan,17,Matsing,False,False,False,US25US0373,Voted out pre-jury,New School
US,US25,25,Angie Layton,US0374,20.0,Provo,Utah,3.0,8.0,3.0,3rd voted out,nan,16,Matsing,False,False,False,US25US0374,Voted out pre-jury,New School
US,US25,25,Dana Lambert,US0375,32.0,Winston-Salem,North Carolina,5.0,12.0,5.0,Quit,nan,14,Kalabaw,False,False,False,US25US0375,Voted out pre-jury,New School
US,US25,25,Sarah Dawson,US0376,28.0,Silver Spring,Maryland,5.0,13.0,6.0,5th voted out,nan,13,Kalabaw,False,False,False,US25US0376,Voted out pre-jury,New School
US,US25,25,Katie Hanson,US0377,22.0,Newark,Delaware,6.0,16.0,7.0,6th voted out,nan,12,Kalabaw,False,False,False,US25US0377,Voted out pre-jury,New School
US,US25,25,Roberta Saint-Amour,US0378,27.0,New York City,New York,7.0,19.0,8.0,7th voted out,1st jury member,11,Tandang,True,False,False,US25US0378,Jury,New School
US,US25,25,Jeff Kent,US0379,44.0,Austin,Texas,8.0,22.0,9.0,8th voted out,2nd jury member,10,Kalabaw,True,False,False,US25US0379,Jury,New School
US,US25,25,Artis Silvester,US0380,53.0,Terrytown,Louisiana,9.0,25.0,10.0,9th voted out,3rd jury member,9,Tandang,True,False,False,US25US0380,Jury,New School
US,US25,25,Peter Yurkowski,US0381,24.0,Holmdel,New Jersey,10.0,27.0,11.0,10th voted out,4th jury member,8,Tandang,True,False,False,US25US0381,Jury,New School
US,US25,25,Carter Williams,US0382,23.0,Shawnee,Kansas,12.0,33.0,13.0,12th voted out,6th jury member,6,Kalabaw,True,False,False,US25US0382,Jury,New School
US,US25,25,Abi-Maria Gomes,US0383,32.0,Los Angeles,California,13.0,36.0,14.0,13th voted out,7th jury member,5,Tandang,True,False,False,US25US0383,Jury,New School
US,US31,31,Abi-Maria Gomes,US0383,35.0,Los Angeles,California,13.0,35.0,14.0,13th voted out,7th jury member,7,Ta Keo,True,False,False,US31US0383,Jury,New School
US,US25,25,Malcolm Freberg,US0384,25.0,Hermosa Beach,California,14.0,38.0,15.0,14th voted out,8th jury member,4,Matsing,True,False,False,US25US0384,Jury,New School
US,US26,26,Malcolm Freberg,US0384,25.0,Hermosa Beach,California,11.0,30.0,12.0,11th voted out,3rd jury member,9,Bikal,True,False,False,US26US0384,Jury,New School
US,US34,34,Malcolm Freberg,US0384,29.0,Hermosa Beach,California,3.0,11.0,4.0,4th voted out,nan,17,Mana,False,False,False,US34US0384,Voted out pre-jury,New School
US,US25,25,Lisa Whelchel,US0385,49.0,Dallas,Texas,14.0,39.0,16.0,Runner-up,nan,3,Tandang,False,True,False,US25US0385,Finalist,New School
US,US25,25,Denise Stapley,US0386,41.0,Cedar Rapids,Iowa,14.0,39.0,18.0,Sole Survivor,nan,1,Matsing,False,True,True,US25US0386,Winner,New School
US,US40,40,Denise Stapley,US0386,48.0,Marion,Iowa,14.0,36.0,17.0,17th voted out,14th jury member,6,Sele,True,False,False,US40US0386,Jury,New School
US,US26,26,Alexandra Pohevitz,US0387,25.0,Oceanside,New York,2.0,5.0,2.0,2nd voted out,nan,19,Gota,False,False,False,US26US0387,Voted out pre-jury,New School
US,US26,26,Hope Driskill,US0388,23.0,Jefferson City,Missouri,3.0,7.0,3.0,3rd voted out,nan,18,Gota,False,False,False,US26US0388,Voted out pre-jury,New School
US,US26,26,Shamar Thomas,US0389,27.0,Brooklyn,New York,4.0,10.0,4.0,Medically evacuated,nan,17,Gota,False,False,False,US26US0389,Voted out pre-jury,New School
US,US26,26,Laura Alexander,US0390,23.0,Washington,D.C.,4.0,10.0,5.0,4th voted out,nan,16,Gota,False,False,False,US26US0390,Voted out pre-jury,New School
US,US26,26,Matt Bischoff,US0391,38.0,Cincinnati,Ohio,6.0,16.0,7.0,6th voted out,nan,14,Gota,False,False,False,US26US0391,Voted out pre-jury,New School
US,US26,26,Julia Landauer,US0392,21.0,Stanford,California,7.0,19.0,8.0,7th voted out,nan,13,Gota,False,False,False,US26US0392,Voted out pre-jury,New School
US,US26,26,Michael Snow,US0393,44.0,New York City,New York,9.0,25.0,10.0,9th voted out,1st jury member,11,Gota,True,False,False,US26US0393,Jury,New School
US,US26,26,Reynold Toepfer,US0394,30.0,San Francisco,California,12.0,31.0,13.0,12th voted out,4th jury member,8,Gota,True,False,False,US26US0394,Jury,New School
US,US26,26,Edward Fox,US0395,23.0,East Brunswick,New Jersey,14.0,38.0,17.0,15th voted out,8th jury member,4,Gota,True,False,False,US26US0395,Jury,New School
US,US26,26,Sherri Biethman,US0396,41.0,Boise,Idaho,14.0,39.0,18.0,Runner-up,nan,3,Gota,False,True,False,US26US0396,Finalist,New School
US,US27,27,Laura Boneham,US0397,44.0,Indianapolis,Indiana,7.0,18.0,11.0,9th voted out,nan,12,Tadhana,False,False,False,US27US0397,Voted out pre-jury,New School
US,US27,27,Marissa Peterson,US0398,21.0,Chapel Hill,North Carolina,1.0,3.0,4.0,3rd voted out,nan,18,Tadhana,False,False,False,US27US0398,Voted out pre-jury,New School
US,US27,27,Rachel Foulger,US0399,33.0,Provo,Utah,2.0,6.0,5.0,4th voted out,nan,17,Tadhana,False,False,False,US27US0399,Voted out pre-jury,New School
US,US27,27,John Cody,US0400,30.0,Washington,D.C.,3.0,8.0,7.0,5th voted out,nan,15,Tadhana,False,False,False,US27US0400,Voted out pre-jury,New School
US,US27,27,Brad Culpepper,US0401,44.0,Tampa,Florida,4.0,10.0,8.0,6th voted out,nan,14,Tadhana,False,False,False,US27US0401,Voted out pre-jury,New School
US,US34,34,Brad Culpepper,US0401,47.0,Tampa,Florida,12.0,39.0,19.0,Runner-up,nan,2,Nuku,False,True,False,US34US0401,Finalist,New School
US,US27,27,Vytas Baskauskas,US0402,33.0,Santa Monica,California,9.0,22.0,13.0,11th voted out,2nd jury member,10,Tadhana,True,False,False,US27US0402,Jury,New School
US,US31,31,Vytas Baskauskas,US0402,35.0,Santa Monica,California,1.0,3.0,1.0,1st voted out,nan,20,Ta Keo,False,False,False,US31US0402,Voted out pre-jury,New School
US,US27,27,Caleb Bankston,US0403,26.0,Collinsville,Alabama,11.0,29.0,16.0,14th voted out,3rd jury member,8,Tadhana,True,False,False,US27US0403,Jury,New School
US,US27,27,Katie Collins,US0404,25.0,New York City,New York,12.0,32.0,17.0,Eliminated,4th jury member,7,Tadhana,True,False,False,US27US0404,Jury,New School
US,US27,27,Hayden Moss,US0405,27.0,Springtown,Texas,13.0,35.0,18.0,15th voted out,5th jury member,6,Tadhana,True,False,False,US27US0405,Jury,New School
US,US27,27,Ciera Eastin,US0406,24.0,Salem,Oregon,14.0,37.0,19.0,16th voted out,7th jury member,5,Tadhana,True,False,False,US27US0406,Jury,New School
US,US31,31,Ciera Eastin,US0406,26.0,Salem,Oregon,10.0,26.0,11.0,10th voted out,4th jury member,10,Bayon,True,False,False,US31US0406,Jury,New School
US,US34,34,Ciera Eastin,US0406,27.0,Salem,Oregon,1.0,3.0,1.0,1st voted out,nan,20,Mana,False,False,False,US34US0406,Voted out pre-jury,New School
US,US28,28,David Samson,US0407,45.0,Plantation,Florida,1.0,3.0,1.0,1st voted out,nan,18,Luzon,False,False,False,US28US0407,Voted out pre-jury,New School
US,US28,28,Garrett Adelstein,US0408,27.0,Santa Monica,California,1.0,6.0,2.0,2nd voted out,nan,17,Luzon,False,False,False,US28US0408,Voted out pre-jury,New School
US,US28,28,Brice Johnston,US0409,27.0,Philadelphia,Pennsylvania,2.0,8.0,3.0,3rd voted out,nan,16,Solana,False,False,False,US28US0409,Voted out pre-jury,New School
US,US28,28,J'Tia Taylor,US0410,31.0,Chicago,Illinois,3.0,11.0,4.0,4th voted out,nan,15,Luzon,False,False,False,US28US0410,Voted out pre-jury,New School
US,US28,28,Cliff Robinson,US0411,46.0,Buffalo,New York,4.0,14.0,5.0,5th voted out,nan,14,Aparri,False,False,False,US28US0411,Voted out pre-jury,New School
US,US28,28,Lindsey Ogle,US0412,29.0,Kokomo,Indiana,4.0,14.0,6.0,Quit,nan,13,Aparri,False,False,False,US28US0412,Voted out pre-jury,New School
US,US28,28,Alexis Maxwell,US0413,21.0,Addison,Illinois,5.0,16.0,7.0,6th voted out,nan,12,Solana,False,False,False,US28US0413,Voted out pre-jury,New School
US,US28,28,Sarah Lacina,US0414,29.0,Cedar Rapids,Iowa,6.0,19.0,8.0,7th voted out,1st jury member,11,Aparri,True,False,False,US28US0414,Jury,New School
US,US34,34,Sarah Lacina,US0414,32.0,Marion,Iowa,12.0,39.0,20.0,Sole Survivor,nan,1,Nuku,False,True,True,US34US0414,Winner,New School
US,US40,40,Sarah Lacina,US0414,34.0,Cedar Rapids,Iowa,14.0,38.0,19.0,Lost final 4 fire challenge,16th jury member,4,Dakal,True,False,False,US40US0414,Jury,New School
US,US28,28,Morgan McLeod,US0415,21.0,San Jose,California,7.0,22.0,9.0,8th voted out,2nd jury member,10,Solana,True,False,False,US28US0415,Jury,New School
US,US28,28,LJ McKanas,US0416,34.0,Boston,Massachusetts,8.0,25.0,10.0,9th voted out,3rd jury member,9,Solana,True,False,False,US28US0416,Jury,New School
US,US28,28,Jeremiah Wood,US0417,34.0,Dobson,North Carolina,9.0,28.0,11.0,10th voted out,4th jury member,8,Solana,True,False,False,US28US0417,Jury,New School
US,US28,28,Jefra Bland,US0418,22.0,Campbellsville,Kentucky,10.0,30.0,12.0,11th voted out,5th jury member,7,Solana,True,False,False,US28US0418,Jury,New School
US,US28,28,Latasha Fox,US0419,37.0,St. Louis,Missouri,11.0,33.0,13.0,12th voted out,6th jury member,6,Luzon,True,False,False,US28US0419,Jury,New School
US,US31,31,Latasha Fox,US0419,38.0,St. Louis,Missouri,14.0,39.0,19.0,Runner-up,nan,2,Bayon,False,True,False,US31US0419,Finalist,New School
US,US28,28,Trish Hegarty,US0420,48.0,Needham,Massachusetts,12.0,36.0,14.0,13th voted out,7th jury member,5,Aparri,True,False,False,US28US0420,Jury,New School
US,US28,28,Spencer Bledsoe,US0421,21.0,Chicago,Illinois,13.0,37.0,15.0,14th voted out,8th jury member,4,Luzon,True,False,False,US28US0421,Jury,New School
US,US31,31,Spencer Bledsoe,US0421,22.0,Chicago,Illinois,14.0,39.0,18.0,Runner-up,nan,3,Ta Keo,False,True,False,US31US0421,Finalist,New School
US,US28,28,Kassandra McQuillen,US0422,41.0,Tehachapi,California,13.0,38.0,16.0,15th voted out,9th jury member,3,Luzon,True,False,False,US28US0422,Jury,New School
US,US31,31,Kassandra McQuillen,US0422,43.0,Tehachapi,California,7.0,19.0,8.0,7th voted out,1st jury member,13,Bayon,True,False,False,US31US0422,Jury,New School
US,US28,28,Yung Hwang,US0423,29.0,Newport Beach,California,13.0,39.0,17.0,Runner-up,nan,2,Aparri,False,True,False,US28US0423,Finalist,New School
US,US31,31,Yung Hwang,US0423,31.0,Newport Beach,California,6.0,16.0,7.0,6th voted out,nan,14,Ta Keo,False,False,False,US31US0423,Voted out pre-jury,New School
US,US28,28,Tony Vlachos,US0424,39.0,Jersey City,New Jersey,13.0,39.0,18.0,Sole Survivor,nan,1,Aparri,False,True,True,US28US0424,Winner,New School
US,US34,34,Tony Vlachos,US0424,42.0,Jersey City,New Jersey,1.0,6.0,2.0,2nd voted out,nan,19,Mana,False,False,False,US34US0424,Voted out pre-jury,New School
US,US40,40,Tony Vlachos,US0424,45.0,Allendale,New Jersey,14.0,39.0,22.0,Sole Survivor,nan,1,Dakal,False,True,True,US40US0424,Winner,New School
US,US29,29,Nadiya Anderson,US0425,28.0,Edgewater,New Jersey,1.0,3.0,1.0,1st voted out,nan,18,Coyopa,False,False,False,US29US0425,Voted out pre-jury,New School
US,US29,29,Val Collins,US0426,35.0,Foxboro,Massachusetts,2.0,6.0,2.0,2nd voted out,nan,17,Coyopa,False,False,False,US29US0426,Voted out pre-jury,New School
US,US29,29,John Rocker,US0427,39.0,Atlanta,Georgia,3.0,8.0,3.0,3rd voted out,nan,16,Coyopa,False,False,False,US29US0427,Voted out pre-jury,New School
US,US29,29,Drew Christy,US0428,25.0,Winter Park,Florida,4.0,10.0,4.0,4th voted out,nan,15,Hunahpu,False,False,False,US29US0428,Voted out pre-jury,New School
US,US29,29,Kelley Wentworth,US0429,28.0,Seattle,Washington,5.0,13.0,5.0,5th voted out,nan,14,Hunahpu,False,False,False,US29US0429,Voted out pre-jury,New School
US,US31,31,Kelley Wentworth,US0429,29.0,Seattle,Washington,14.0,38.0,17.0,16th voted out,10th jury member,4,Ta Keo,True,False,False,US31US0429,Jury,New School
US,US38,38,Kelley Wentworth,US0429,32.0,Seattle,Washington,9.0,27.0,11.0,11th voted out,7th jury member,10,Manu,True,False,False,US38US0429,Jury,New School
US,US29,29,Dale Wentworth,US0430,55.0,Ephrata,Washington,6.0,15.0,6.0,6th voted out,nan,13,Coyopa,False,False,False,US29US0430,Voted out pre-jury,New School
US,US29,29,Julie McGee,US0431,34.0,Atlanta,Georgia,7.0,18.0,7.0,Quit,nan,12,Hunahpu,False,False,False,US29US0431,Voted out pre-jury,New School
US,US29,29,Josh Canfield,US0432,32.0,New York City,New York,8.0,21.0,8.0,7th voted out,1st jury member,11,Coyopa,True,False,False,US29US0432,Jury,New School
US,US29,29,Jeremy Collins,US0433,36.0,Foxboro,Massachusetts,9.0,24.0,9.0,8th voted out,2nd jury member,10,Hunahpu,True,False,False,US29US0433,Jury,New School
US,US31,31,Jeremy Collins,US0433,37.0,Foxboro,Massachusetts,14.0,39.0,20.0,Sole Survivor,nan,1,Bayon,False,True,True,US31US0433,Winner,New School
US,US40,40,Jeremy Collins,US0433,41.0,Foxboro,Massachusetts,13.0,31.0,15.0,15th voted out,12th jury member,8,Sele,True,False,False,US40US0433,Jury,New School
US,US29,29,Wes Nale,US0434,23.0,Shreveport,Louisiana,10.0,26.0,10.0,9th voted out,3rd jury member,9,Coyopa,True,False,False,US29US0434,Jury,New School
US,US29,29,Reed Kelly,US0435,31.0,New York City,New York,11.0,29.0,11.0,10th voted out,4th jury member,8,Hunahpu,True,False,False,US29US0435,Jury,New School
US,US29,29,Alec Christy,US0436,22.0,Winter Park,Florida,12.0,32.0,12.0,11th voted out,5th jury member,7,Coyopa,True,False,False,US29US0436,Jury,New School
US,US29,29,Jon Misch,US0437,26.0,Waterford,Michigan,13.0,35.0,13.0,12th voted out,6th jury member,6,Hunahpu,True,False,False,US29US0437,Jury,New School
US,US29,29,Baylor Wilson,US0438,20.0,Nashville,Tennessee,14.0,37.0,14.0,13th voted out,7th jury member,5,Coyopa,True,False,False,US29US0438,Jury,New School
US,US29,29,Keith Nale,US0439,53.0,Shreveport,Louisiana,14.0,38.0,15.0,14th voted out,8th jury member,4,Hunahpu,True,False,False,US29US0439,Jury,New School
US,US31,31,Keith Nale,US0439,54.0,Keithville,Louisiana,14.0,37.0,16.0,15th voted out,9th jury member,5,Bayon,True,False,False,US31US0439,Jury,New School
US,US29,29,Missy Payne,US0440,47.0,Dallas,Texas,14.0,39.0,16.0,2nd runner-up,nan,3,Hunahpu,False,True,False,US29US0440,Finalist,New School
US,US29,29,Jaclyn Schultz,US0441,25.0,Las Vegas,Nevada,14.0,39.0,17.0,Runner-up,nan,2,Coyopa,False,True,False,US29US0441,Finalist,New School
US,US29,29,Natalie Anderson,US0442,28.0,Edgewater,New Jersey,14.0,39.0,18.0,Sole Survivor,nan,1,Hunahpu,False,True,True,US29US0442,Winner,New School
US,US40,40,Natalie Anderson,US0442,33.0,Edgewater,New Jersey,14.0,39.0,21.0,Runner-up,nan,2,Sele,False,True,False,US40US0442,Finalist,New School
US,US30,30,So Kim,US0443,31.0,Long Beach,California,1.0,3.0,1.0,1st voted out,nan,18,Masaya,False,False,False,US30US0443,Voted out pre-jury,New School
US,US30,30,Vince Sly,US0444,32.0,Santa Monica,California,2.0,6.0,2.0,2nd voted out,nan,17,Nagarote,False,False,False,US30US0444,Voted out pre-jury,New School
US,US30,30,Nina Poersch,US0445,51.0,Palmdale,California,3.0,8.0,3.0,3rd voted out,nan,16,Nagarote,False,False,False,US30US0445,Voted out pre-jury,New School
US,US30,30,Lindsey Cascaddan,US0446,24.0,College Park,Florida,4.0,11.0,4.0,4th voted out,nan,15,Escameca,False,False,False,US30US0446,Voted out pre-jury,New School
US,US30,30,Max Dawson,US0447,37.0,Topanga,California,5.0,14.0,5.0,5th voted out,nan,14,Masaya,False,False,False,US30US0447,Voted out pre-jury,New School
US,US30,30,Joaquin Souberbielle,US0448,27.0,Valley Stream,New York,6.0,16.0,6.0,6th voted out,nan,13,Masaya,False,False,False,US30US0448,Voted out pre-jury,New School
US,US30,30,Kelly Remington,US0449,44.0,Grand Island,New York,7.0,19.0,7.0,7th voted out,nan,12,Escameca,False,False,False,US30US0449,Voted out pre-jury,New School
US,US30,30,Hali Ford,US0450,25.0,San Francisco,California,8.0,22.0,8.0,8th voted out,1st jury member,11,Nagarote,True,False,False,US30US0450,Jury,New School
US,US34,34,Hali Ford,US0450,26.0,Knoxville,Tennessee,7.0,21.0,8.0,8th voted out,1st jury member,13,Mana,True,False,False,US34US0450,Jury,New School
US,US30,30,Joe Anglim,US0451,25.0,Scottsdale,Arizona,9.0,24.0,9.0,9th voted out,2nd jury member,10,Nagarote,True,False,False,US30US0451,Jury,New School
US,US31,31,Joe Anglim,US0451,26.0,Scottsdale,Arizona,12.0,32.0,13.0,12th voted out,6th jury member,8,Bayon,True,False,False,US31US0451,Jury,New School
US,US38,38,Joe Anglim,US0451,29.0,Ogden,Utah,6.0,19.0,7.0,7th voted out,3rd jury member,14,Kama,True,False,False,US38US0451,Jury,New School
US,US30,30,Jenn Brown,US0452,22.0,Long Beach,California,10.0,27.0,10.0,10th voted out,3rd jury member,9,Nagarote,True,False,False,US30US0452,Jury,New School
US,US30,30,Shirin Oskooi,US0453,31.0,San Francisco,California,11.0,29.0,11.0,11th voted out,4th jury member,8,Masaya,True,False,False,US30US0453,Jury,New School
US,US31,31,Shirin Oskooi,US0453,32.0,San Francisco,California,2.0,6.0,2.0,2nd voted out,nan,19,Ta Keo,False,False,False,US31US0453,Voted out pre-jury,New School
US,US30,30,Tyler Fredrickson,US0454,33.0,Los Angeles,California,12.0,32.0,12.0,12th voted out,5th jury member,7,Masaya,True,False,False,US30US0454,Jury,New School
US,US30,30,Dan Foley,US0455,47.0,Gorham,Maine,13.0,35.0,13.0,13th voted out,6th jury member,6,Escameca,True,False,False,US30US0455,Jury,New School
US,US30,30,Sierra Dawn Thomas,US0456,27.0,Roy,Utah,14.0,37.0,14.0,14th voted out,7th jury member,5,Escameca,True,False,False,US30US0456,Jury,New School
US,US34,34,Sierra Dawn Thomas,US0456,29.0,Roy,Utah,10.0,32.0,12.0,12th voted out,5th jury member,9,Nuku,True,False,False,US34US0456,Jury,New School
US,US30,30,Rodney Lavoie Jr.,US0457,24.0,Boston,Massachusetts,14.0,38.0,15.0,Lost fire challenge,8th jury member,4,Escameca,True,False,False,US30US0457,Jury,New School
US,US30,30,Will Sims II,US0458,41.0,Sherman Oaks,California,14.0,39.0,16.0,Runner-up,nan,3,Nagarote,False,True,False,US30US0458,Finalist,New School
US,US30,30,Carolyn Rivera,US0459,52.0,Tampa,Florida,14.0,39.0,17.0,Runner-up,nan,2,Masaya,False,True,False,US30US0459,Finalist,New School
US,US30,30,Mike Holloway,US0460,38.0,North Richland Hills,Texas,14.0,39.0,18.0,Sole Survivor,nan,1,Escameca,False,True,True,US30US0460,Winner,New School
US,US32,32,Darnell Hamilton,US0461,27.0,Chicago,Illinois,1.0,3.0,1.0,1st voted out,nan,18,To Tang,False,False,False,US32US0461,Voted out pre-jury,New School
US,US32,32,Jennifer Lanzetti,US0462,38.0,Salt Lake City,Utah,2.0,6.0,2.0,2nd voted out,nan,17,To Tang,False,False,False,US32US0462,Voted out pre-jury,New School
US,US32,32,Elisabeth Markham,US0463,27.0,New York City,New York,3.0,8.0,3.0,3rd voted out,nan,16,Chan Loh,False,False,False,US32US0463,Voted out pre-jury,New School
US,US32,32,Caleb Reynolds,US0464,27.0,Hopkinsville,Kentucky,4.0,9.0,4.0,Medically evacuated,nan,15,Gondol,False,False,False,US32US0464,Voted out pre-jury,New School
US,US34,34,Caleb Reynolds,US0464,28.0,Hopkinsville,Kentucky,2.0,9.0,3.0,3rd voted out,nan,18,Mana,False,False,False,US34US0464,Voted out pre-jury,New School
US,US32,32,Alecia Holden,US0465,24.0,Dallas,Texas,4.0,11.0,5.0,4th voted out,nan,14,To Tang,False,False,False,US32US0465,Voted out pre-jury,New School
US,US32,32,Anna Khait,US0466,26.0,Brooklyn,New York,5.0,13.0,6.0,5th voted out,nan,13,Gondol,False,False,False,US32US0466,Voted out pre-jury,New School
US,US32,32,Peter Baggenstos,US0467,34.0,Minneapolis,Minnesota,6.0,16.0,7.0,6th voted out,nan,12,Chan Loh,False,False,False,US32US0467,Voted out pre-jury,New School
US,US32,32,Neal Gottlieb,US0468,38.0,Sausalito,California,7.0,19.0,8.0,Medically evacuated,nan,11,Chan Loh,False,False,False,US32US0468,Voted out pre-jury,New School
US,US32,32,Nick Maiorano,US0469,30.0,Redondo Beach,California,8.0,22.0,9.0,7th voted out,2nd jury member,10,Gondol,True,False,False,US32US0469,Jury,New School
US,US32,32,Debbie Wanner,US0470,49.0,Reading,Pennsylvania,9.0,24.0,10.0,8th voted out,3rd jury member,9,Chan Loh,True,False,False,US32US0470,Jury,New School
US,US34,34,Debbie Wanner,US0470,51.0,Reading,Pennsylvania,8.0,26.0,10.0,10th voted out,3rd jury member,11,Nuku,True,False,False,US34US0470,Jury,New School
US,US32,32,Scot Pollard,US0471,40.0,Carmel,Indiana,10.0,27.0,11.0,9th voted out,4th jury member,8,To Tang,True,False,False,US32US0471,Jury,New School
US,US32,32,Julia Sokolowski,US0472,19.0,Boston,Massachusetts,11.0,29.0,12.0,10th voted out,5th jury member,7,Gondol,True,False,False,US32US0472,Jury,New School
US,US32,32,Kyle Jason,US0473,31.0,Detroit,Michigan,12.0,32.0,13.0,11th voted out,6th jury member,6,To Tang,True,False,False,US32US0473,Jury,New School
US,US32,32,Joseph Del Campo,US0474,71.0,Vero Beach,Florida,13.0,34.0,14.0,Medically evacuated,7th jury member,5,Chan Loh,True,False,False,US32US0474,Jury,New School
US,US32,32,Cydney Gillon,US0475,22.0,Douglasville,Georgia,14.0,37.0,15.0,Lost fire challenge,8th jury member,4,To Tang,True,False,False,US32US0475,Jury,New School
US,US32,32,Tai Trang,US0476,51.0,San Francisco,California,14.0,39.0,16.0,2nd runner-up,nan,3,Gondol,False,True,False,US32US0476,Finalist,New School
US,US34,34,Tai Trang,US0476,52.0,San Francisco,California,12.0,38.0,17.0,16th voted out,10th jury member,4,Nuku,True,False,False,US34US0476,Jury,New School
US,US32,32,Aubry Bracco,US0477,29.0,Cambridge,Massachusetts,14.0,39.0,17.0,Runner-up,nan,2,Chan Loh,False,True,False,US32US0477,Finalist,New School
US,US34,34,Aubry Bracco,US0477,30.0,Cambridge,Massachusetts,12.0,37.0,16.0,15th voted out,9th jury member,5,Mana,True,False,False,US34US0477,Jury,New School
US,US38,38,Aubry Bracco,US0477,32.0,Los Angeles,California,5.0,13.0,5.0,5th voted out,2nd jury member,16,Kama,True,False,False,US38US0477,Jury,New School
US,US50,50,Aubry Bracco,US0477,,nan,nan,,,,nan,nan,18,nan,False,True,True,US50US0477,Winner,New Era
US,US32,32,Michele Fitzgerald,US0478,24.0,Freehold,New Jersey,14.0,39.0,18.0,Sole Survivor,nan,1,Gondol,False,True,True,US32US0478,Winner,New School
US,US40,40,Michele Fitzgerald,US0478,29.0,Hoboken,New Jersey,14.0,39.0,20.0,2nd runner-up,nan,3,Sele,False,True,False,US40US0478,Finalist,New School
US,US33,33,Rachel Ako,US0479,37.0,Los Angeles,California,1.0,4.0,1.0,1st voted out,nan,20,Takali,False,False,False,US33US0479,Voted out pre-jury,New School
US,US33,33,Mari Takahashi,US0480,31.0,Los Angeles,California,2.0,7.0,2.0,2nd voted out,nan,19,Vanua,False,False,False,US33US0480,Voted out pre-jury,New School
US,US33,33,Paul Wachter,US0481,52.0,Sugarloaf Key,Florida,3.0,10.0,3.0,3rd voted out,nan,18,Takali,False,False,False,US33US0481,Voted out pre-jury,New School
US,US33,33,Lucy Huang,US0482,42.0,Diamond Bar,California,4.0,12.0,4.0,4th voted out,nan,17,Takali,False,False,False,US33US0482,Voted out pre-jury,New School
US,US33,33,Ciandre Taylor,US0483,39.0,Granada Hills,California,5.0,15.0,5.0,5th voted out,nan,16,Takali,False,False,False,US33US0483,Voted out pre-jury,New School
US,US33,33,Jessica Figueroa,US0484,23.0,Nashville,Tennessee,6.0,18.0,6.0,6th voted out,nan,15,Vanua,False,False,False,US33US0484,Voted out pre-jury,New School
US,US33,33,Michaela Bradshaw,US0485,25.0,Fort Worth,Texas,7.0,20.0,7.0,7th voted out,nan,14,Vanua,False,False,False,US33US0485,Voted out pre-jury,New School
US,US34,34,Michaela Bradshaw,US0485,25.0,Fort Worth,Texas,11.0,35.0,14.0,14th voted out,7th jury member,7,Mana,True,False,False,US34US0485,Jury,New School
US,US33,33,Michelle Schubert,US0486,28.0,Yakima,Washington,8.0,23.0,8.0,8th voted out,1st jury member,13,Vanua,True,False,False,US33US0486,Jury,New School
US,US33,33,Taylor Lee Stocker,US0487,24.0,Post Falls,Idaho,9.0,25.0,9.0,9th voted out,2nd jury member,12,Vanua,True,False,False,US33US0487,Jury,New School
US,US33,33,Chris Hammons,US0488,38.0,Moore,Oklahoma,10.0,28.0,10.0,10th voted out,3rd jury member,11,Takali,True,False,False,US33US0488,Jury,New School
US,US33,33,Jessica Lewis,US0489,37.0,Voorheesville,New York,10.0,30.0,11.0,Eliminated,4th jury member,10,Takali,True,False,False,US33US0489,Jury,New School
US,US33,33,Zeke Smith,US0490,28.0,Brooklyn,New York,11.0,33.0,12.0,12th voted out,5th jury member,9,Vanua,True,False,False,US33US0490,Jury,New School
US,US34,34,Zeke Smith,US0490,28.0,Brooklyn,New York,9.0,29.0,11.0,11th voted out,4th jury member,10,Nuku,True,False,False,US34US0490,Jury,New School
US,US33,33,Will Wahl,US0491,18.0,Long Valley,New Jersey,12.0,34.0,13.0,13th voted out,6th jury member,8,Vanua,True,False,False,US33US0491,Jury,New School
US,US33,33,Sunday Burquest,US0492,45.0,Otsego,Minnesota,12.0,35.0,14.0,14th voted out,7th jury member,7,Takali,True,False,False,US33US0492,Jury,New School
US,US33,33,Justin Starrett,US0493,27.0,Fort Lauderdale,Florida,13.0,36.0,15.0,15th voted out,8th jury member,6,Vanua,True,False,False,US33US0493,Jury,New School
US,US33,33,Bret LaBelle,US0494,42.0,Dedham,Massachusetts,13.0,37.0,16.0,16th voted out,9th jury member,5,Takali,True,False,False,US33US0494,Jury,New School
US,US33,33,David Wright,US0495,42.0,Sherman Oaks,California,13.0,38.0,17.0,17th voted out,10th jury member,4,Takali,True,False,False,US33US0495,Jury,New School
US,US38,38,David Wright,US0495,44.0,Sherman Oaks,California,9.0,25.0,10.0,10th voted out,6th jury member,11,Manu,True,False,False,US38US0495,Jury,New School
US,US33,33,Hannah Shapiro,US0496,24.0,West Hollywood,California,13.0,39.0,18.0,Runner-up,nan,3,Vanua,False,True,False,US33US0496,Finalist,New School
US,US33,33,Ken McNickle,US0497,33.0,Denver,Colorado,13.0,39.0,19.0,Runner-up,nan,2,Takali,False,True,False,US33US0497,Finalist,New School
US,US33,33,Adam Klein,US0498,25.0,San Francisco,California,13.0,39.0,20.0,Sole Survivor,nan,1,Vanua,False,True,True,US33US0498,Winner,New School
US,US40,40,Adam Klein,US0498,28.0,Los Angeles,California,9.0,23.0,11.0,11th voted out,8th jury member,12,Sele,True,False,False,US40US0498,Jury,New School
US,US35,35,Katrina Radke,US0499,46.0,Excelsior,Minnesota,1.0,3.0,1.0,1st voted out,nan,18,Levu,False,False,False,US35US0499,Voted out pre-jury,New School
US,US35,35,Simone Nguyen,US0500,25.0,New York City,New York,2.0,6.0,2.0,2nd voted out,nan,17,Yawa,False,False,False,US35US0500,Voted out pre-jury,New School
US,US35,35,Patrick Bolton,US0501,24.0,Auburn,Alabama,3.0,8.0,3.0,3rd voted out,nan,16,Yawa,False,False,False,US35US0501,Voted out pre-jury,New School
US,US35,35,Alan Ball,US0502,32.0,Houston,Texas,4.0,11.0,4.0,4th voted out,nan,15,Levu,False,False,False,US35US0502,Voted out pre-jury,New School
US,US35,35,Roark Luskin,US0503,27.0,Santa Monica,California,5.0,14.0,5.0,5th voted out,nan,14,Soko,False,False,False,US35US0503,Voted out pre-jury,New School
US,US35,35,Alexandrea Elliott,US0504,24.0,Los Angeles,California,6.0,16.0,6.0,6th voted out,nan,13,Yawa,False,False,False,US35US0504,Voted out pre-jury,New School
US,US35,35,Jessica Johnston,US0505,29.0,Louisville,Kentucky,7.0,19.0,7.0,7th voted out,nan,12,Soko,False,False,False,US35US0505,Voted out pre-jury,New School
US,US35,35,Desiree Williams,US0506,27.0,Newport News,Virginia,8.0,21.0,8.0,8th voted out,1st jury member,11,Soko,True,False,False,US35US0506,Jury,New School
US,US35,35,Cole Medders,US0507,24.0,Little Rock,Arkansas,9.0,24.0,9.0,9th voted out,2nd jury member,10,Soko,True,False,False,US35US0507,Jury,New School
US,US35,35,John Hilsabeck,US0508,28.0,Los Angeles,California,10.0,27.0,10.0,10th voted out,3rd jury member,9,Levu,True,False,False,US35US0508,Jury,New School
US,US35,35,Joe Mena,US0509,34.0,Tolland,Connecticut,10.0,30.0,11.0,11th voted out,4th jury member,8,Soko,True,False,False,US35US0509,Jury,New School
US,US35,35,Lauren Rimmer,US0510,35.0,Beaufort,North Carolina,11.0,33.0,12.0,12th voted out,5th jury member,7,Yawa,True,False,False,US35US0510,Jury,New School
US,US35,35,Ashley Nolan,US0511,26.0,Satellite Beach,Florida,12.0,36.0,13.0,13th voted out,6th jury member,6,Levu,True,False,False,US35US0511,Jury,New School
US,US35,35,Mike Zahalsky,US0512,43.0,Parkland,Florida,13.0,37.0,14.0,14th voted out,7th jury member,5,Soko,True,False,False,US35US0512,Jury,New School
US,US35,35,Devon Pinto,US0513,23.0,Solana Beach,California,13.0,38.0,15.0,Lost final 4 fire challenge,8th jury member,4,Yawa,True,False,False,US35US0513,Jury,New School
US,US35,35,Ryan Ulrich,US0514,23.0,North Arlington,New Jersey,13.0,39.0,16.0,2nd runner-up,nan,3,Yawa,False,True,False,US35US0514,Finalist,New School
US,US35,35,Chrissy Hofbeck,US0515,46.0,Lebanon Township,New Jersey,13.0,39.0,17.0,Runner-up,nan,2,Levu,False,True,False,US35US0515,Finalist,New School
US,US50,50,Chrissy Hofbeck,US0515,,nan,nan,,,,nan,nan,17,nan,False,True,True,US50US0515,Winner,New Era
US,US35,35,Ben Driebergen,US0516,34.0,Boise,Idaho,13.0,39.0,18.0,Sole Survivor,nan,1,Levu,False,True,True,US35US0516,Winner,New School
US,US40,40,Ben Driebergen,US0516,36.0,Boise,Idaho,14.0,37.0,18.0,18th voted out,15th jury member,5,Sele,True,False,False,US40US0516,Jury,New School
US,US36,36,Stephanie Gonzalez,US0517,26.0,Ocala,Florida,1.0,3.0,1.0,1st voted out,nan,20,Malolo,False,False,False,US36US0517,Voted out pre-jury,New School
US,US36,36,Jacob Derwin,US0518,22.0,Brooklyn,New York,1.0,6.0,2.0,2nd voted out,nan,19,Malolo,False,False,False,US36US0518,Voted out pre-jury,New School
US,US36,36,Morgan Ricke,US0519,29.0,Orlando,Florida,2.0,9.0,3.0,3rd voted out,nan,18,Naviti,False,False,False,US36US0519,Voted out pre-jury,New School
US,US36,36,Brendan Shapiro,US0520,40.0,Herndon,Virginia,3.0,12.0,4.0,4th voted out,nan,17,Malolo,False,False,False,US36US0520,Voted out pre-jury,New School
US,US36,36,Stephanie Johnson,US0521,34.0,Chicago,Illinois,4.0,14.0,5.0,5th voted out,nan,16,Malolo,False,False,False,US36US0521,Voted out pre-jury,New School
US,US36,36,James Lim,US0522,24.0,New York City,New York,5.0,17.0,6.0,6th voted out,nan,15,Malolo,False,False,False,US36US0522,Voted out pre-jury,New School
US,US36,36,Bradley Kleihege,US0523,26.0,Los Angeles,California,6.0,19.0,7.0,7th voted out,nan,14,Naviti,False,False,False,US36US0523,Voted out pre-jury,New School
US,US36,36,Chris Noble,US0524,27.0,Brooklyn,New York,7.0,22.0,8.0,8th voted out,1st jury member,13,Naviti,True,False,False,US36US0524,Jury,New School
US,US36,36,Libby Vincek,US0525,24.0,Houston,Texas,8.0,25.0,9.0,9th voted out,2nd jury member,12,Malolo,True,False,False,US36US0525,Jury,New School
US,US36,36,Desiree Afuye,US0526,21.0,Brooklyn,New York,9.0,27.0,10.0,10th voted out,3rd jury member,11,Naviti,True,False,False,US36US0526,Jury,New School
US,US36,36,Jenna Bowman,US0527,23.0,Venice Beach,California,10.0,29.0,11.0,11th voted out,4th jury member,10,Malolo,True,False,False,US36US0527,Jury,New School
US,US36,36,Michael Yerger,US0528,18.0,Los Angeles,California,10.0,29.0,12.0,12th voted out,5th jury member,9,Malolo,True,False,False,US36US0528,Jury,New School
US,US36,36,Chelsea Townsend,US0529,25.0,Los Angeles,California,11.0,32.0,13.0,13th voted out,6th jury member,8,Naviti,True,False,False,US36US0529,Jury,New School
US,US36,36,Kellyn Bechtold,US0530,30.0,Denver,Colorado,12.0,35.0,14.0,14th voted out,7th jury member,7,Naviti,True,False,False,US36US0530,Jury,New School
US,US36,36,Sebastian Noel,US0531,22.0,Satellite Beach,Florida,13.0,36.0,15.0,15th voted out,8th jury member,6,Naviti,True,False,False,US36US0531,Jury,New School
US,US36,36,Donathan Hurley,US0532,25.0,Kimper,Kentucky,13.0,37.0,16.0,16th voted out,9th jury member,5,Malolo,True,False,False,US36US0532,Jury,New School
US,US36,36,Angela Perkins,US0533,42.0,Cincinnati,Ohio,13.0,38.0,17.0,Lost final 4 fire challenge,10th jury member,4,Naviti,True,False,False,US36US0533,Jury,New School
US,US36,36,Laurel Johnson,US0534,29.0,Minneapolis,Minnesota,13.0,39.0,18.0,2nd runner-up,11th jury member,3,Malolo,True,True,False,US36US0534,Finalist,New School
US,US36,36,Domenick Abbate,US0535,38.0,Nesconset,New York,13.0,39.0,19.0,Runner-up,nan,2,Naviti,False,True,False,US36US0535,Finalist,New School
US,US36,36,Wendell Holland,US0536,33.0,Philadelphia,Pennsylvania,13.0,39.0,20.0,Sole Survivor,nan,1,Naviti,False,True,True,US36US0536,Winner,New School
US,US40,40,Wendell Holland,US0536,35.0,Philadelphia,Pennsylvania,8.0,21.0,10.0,10th voted out,7th jury member,13,Dakal,True,False,False,US40US0536,Jury,New School
US,US37,37,Pat Cusack,US0537,41.0,Watervliet,New York,1.0,3.0,1.0,Medically evacuated,nan,20,David,False,False,False,US37US0537,Voted out pre-jury,New School
US,US37,37,Jessica Peet,US0538,19.0,Lakeland,Florida,2.0,6.0,2.0,1st voted out,nan,19,David,False,False,False,US37US0538,Voted out pre-jury,New School
US,US37,37,Jeremy Crawford,US0539,40.0,New York City,New York,3.0,9.0,3.0,2nd voted out,nan,18,Goliath,False,False,False,US37US0539,Voted out pre-jury,New School
US,US37,37,Bi Nguyen,US0540,28.0,Houston,Texas,4.0,10.0,4.0,Quit,nan,17,David,False,False,False,US37US0540,Voted out pre-jury,New School
US,US37,37,Natalia Azoqa,US0541,26.0,Irvine,California,4.0,11.0,5.0,3rd voted out,nan,16,Goliath,False,False,False,US37US0541,Voted out pre-jury,New School
US,US37,37,Natalie Cole,US0542,57.0,Los Angeles,California,5.0,15.0,6.0,4th voted out,nan,15,Goliath,False,False,False,US37US0542,Voted out pre-jury,New School
US,US37,37,Lyrsa Torres,US0543,36.0,Boston,Massachusetts,6.0,17.0,7.0,5th voted out,nan,14,David,False,False,False,US37US0543,Voted out pre-jury,New School
US,US37,37,Elizabeth Olson,US0544,31.0,Longview,Texas,7.0,20.0,8.0,6th voted out,1st jury member,13,David,True,False,False,US37US0544,Jury,New School
US,US37,37,John Hennigan,US0545,38.0,Los Angeles,California,8.0,22.0,9.0,7th voted out,2nd jury member,12,Goliath,True,False,False,US37US0545,Jury,New School
US,US37,37,Dan Rengering,US0546,28.0,Gainesville,Florida,9.0,25.0,10.0,8th voted out,3rd jury member,11,Goliath,True,False,False,US37US0546,Jury,New School
US,US37,37,Alec Merlino,US0547,24.0,San Clemente,California,10.0,28.0,11.0,9th voted out,4th jury member,10,Goliath,True,False,False,US37US0547,Jury,New School
US,US37,37,Carl Boudreaux,US0548,41.0,Houston,Texas,10.0,30.0,12.0,10th voted out,5th jury member,9,David,True,False,False,US37US0548,Jury,New School
US,US37,37,Gabby Pascuzzi,US0549,25.0,Denver,Colorado,11.0,32.0,13.0,11th voted out,6th jury member,8,David,True,False,False,US37US0549,Jury,New School
US,US37,37,Christian Hubicki,US0550,32.0,Tallahassee,Florida,12.0,35.0,14.0,12th voted out,7th jury member,7,David,True,False,False,US37US0550,Jury,New School
US,US50,50,Christian Hubicki,US0550,,nan,nan,,,,nan,nan,16,nan,False,True,True,US50US0550,Winner,New Era
US,US37,37,Davie Rickenbacker,US0551,30.0,Atlanta,Georgia,13.0,36.0,15.0,13th voted out,8th jury member,6,David,True,False,False,US37US0551,Jury,New School
US,US37,37,Alison Raybould,US0552,28.0,Chapel Hill,North Carolina,13.0,37.0,16.0,14th voted out,9th jury member,5,Goliath,True,False,False,US37US0552,Jury,New School
US,US37,37,Kara Kay,US0553,30.0,San Diego,California,13.0,38.0,17.0,Lost final 4 fire challenge,10th jury member,4,Goliath,True,False,False,US37US0553,Jury,New School
US,US37,37,Angelina Keeley,US0554,28.0,San Clemente,California,13.0,39.0,18.0,2nd runner-up,nan,3,Goliath,False,True,False,US37US0554,Finalist,New School
US,US50,50,Angelina Keeley,US0554,,nan,nan,,,,nan,nan,15,nan,False,True,True,US50US0554,Winner,New Era
US,US37,37,Mike White,US0555,47.0,Los Angeles,California,13.0,39.0,19.0,Runner-up,nan,2,Goliath,False,True,False,US37US0555,Finalist,New School
US,US50,50,Mike White,US0555,,nan,nan,,,,nan,nan,14,nan,False,True,True,US50US0555,Winner,New Era
US,US37,37,Nick Wilson,US0556,27.0,Williamsburg,Kentucky,13.0,39.0,20.0,Sole Survivor,nan,1,David,False,True,True,US37US0556,Winner,New School
US,US40,40,Nick Wilson,US0556,28.0,Williamsburg,Kentucky,13.0,34.0,16.0,16th voted out,13th jury member,7,Dakal,True,False,False,US40US0556,Jury,New School
US,US38,38,Reem Daly,US0557,46.0,Ashburn,Virginia,1.0,3.0,1.0,1st voted out,1st jury member,18,Manu,True,False,False,US38US0557,Jury,New School
US,US38,38,Keith Sowell,US0558,19.0,Durham,North Carolina,2.0,6.0,2.0,2nd voted out; Quit EoE,nan,17,Manu,False,False,False,US38US0558,Voted out pre-jury,New School
US,US38,38,Chris Underwood,US0559,25.0,Greenville,South Carolina,13.0,39.0,20.0,Sole Survivor,nan,1,Manu,False,True,True,US38US0559,Winner,New School
US,US38,38,Rick Devens,US0560,33.0,Macon,Georgia,13.0,38.0,17.0,Lost final 4 fire challenge,13th jury member,4,Manu,True,False,False,US38US0560,Jury,New School
US,US50,50,Rick Devens,US0560,,nan,nan,,,,nan,nan,13,nan,False,True,True,US50US0560,Winner,New Era
US,US38,38,Wendy Diaz,US0561,25.0,Bell,California,5.0,16.0,6.0,6th voted out; Quit EoE,nan,15,Manu,False,False,False,US38US0561,Voted out pre-jury,New School
US,US38,38,Eric Hafemann,US0562,34.0,Livermore,California,7.0,22.0,8.0,8th voted out,4th jury member,13,Kama,True,False,False,US38US0562,Jury,New School
US,US38,38,Julia Carter,US0563,25.0,Bethesda,Maryland,8.0,23.0,9.0,9th voted out,5th jury member,12,Kama,True,False,False,US38US0563,Jury,New School
US,US38,38,Dan DaSilva,US0564,38.0,Los Angeles,California,10.0,29.0,12.0,12th voted out,8th jury member,9,Manu,True,False,False,US38US0564,Jury,New School
US,US38,38,Ron Clark,US0565,45.0,Atlanta,Georgia,11.0,31.0,13.0,13th voted out,9th jury member,8,Kama,True,False,False,US38US0565,Jury,New School
US,US38,38,Aurora McCreary,US0566,32.0,Orlando,Florida,12.0,34.0,14.0,14th voted out,10th jury member,7,Kama,True,False,False,US38US0566,Jury,New School
US,US38,38,Victoria Baamonde,US0567,23.0,Bronx,New York,13.0,36.0,15.0,15th voted out,11th jury member,6,Kama,True,False,False,US38US0567,Jury,New School
US,US38,38,Lauren O'Connell,US0568,21.0,Waco,Texas,13.0,37.0,16.0,16th voted out,12th jury member,5,Manu,True,False,False,US38US0568,Jury,New School
US,US38,38,Julie Rosenberg,US0569,46.0,New York City,New York,13.0,39.0,18.0,2nd runner-up,nan,3,Kama,False,True,False,US38US0569,Finalist,New School
US,US38,38,Gavin Whitson,US0570,23.0,Erwin,Tennessee,13.0,39.0,19.0,Runner-up,nan,2,Kama,False,True,False,US38US0570,Finalist,New School
US,US39,39,Ronnie Bardah,US0571,36.0,Henderson,Nevada,1.0,3.0,1.0,1st voted out,nan,20,Lairo,False,False,False,US39US0571,Voted out pre-jury,New School
US,US39,39,Molly Byman,US0572,27.0,Durham,North Carolina,2.0,6.0,2.0,2nd voted out,nan,19,Vokai,False,False,False,US39US0572,Voted out pre-jury,New School
US,US39,39,Vince Moua,US0573,27.0,Palo Alto,California,3.0,8.0,3.0,3rd voted out,nan,18,Lairo,False,False,False,US39US0573,Voted out pre-jury,New School
US,US39,39,Chelsea Walker,US0574,27.0,Los Angeles,California,4.0,11.0,4.0,4th voted out,nan,17,Lairo,False,False,False,US39US0574,Voted out pre-jury,New School
US,US39,39,Tom Laidlaw,US0575,60.0,Greenwich,Connecticut,5.0,14.0,5.0,5th voted out,nan,16,Lairo,False,False,False,US39US0575,Voted out pre-jury,New School
US,US39,39,Jason Linden,US0576,32.0,New York City,New York,6.0,16.0,6.0,6th voted out,nan,15,Vokai,False,False,False,US39US0576,Voted out pre-jury,New School
US,US39,39,Jack Nichting,US0577,23.0,Harrisonburg,Virginia,7.0,19.0,7.0,7th voted out,1st jury member,14,Vokai,True,False,False,US39US0577,Jury,New School
US,US39,39,Kellee Kim,US0578,29.0,Philadelphia,Pennsylvania,8.0,22.0,8.0,8th voted out,2nd jury member,13,Vokai,True,False,False,US39US0578,Jury,New School
US,US39,39,Jamal Shipman,US0579,33.0,Providence,Rhode Island,8.0,24.0,9.0,9th voted out,3rd jury member,12,Vokai,True,False,False,US39US0579,Jury,New School
US,US39,39,Aaron Meredith,US0580,36.0,Warwick,Rhode Island,9.0,27.0,10.0,10th voted out,4th jury member,11,Lairo,True,False,False,US39US0580,Jury,New School
US,US39,39,Missy Byrd,US0581,24.0,Tacoma,Washington,9.0,27.0,11.0,11th voted out,5th jury member,10,Lairo,True,False,False,US39US0581,Jury,New School
US,US39,39,Elizabeth Beisel,US0582,26.0,Saunderstown,Rhode Island,10.0,30.0,12.0,12th voted out,6th jury member,9,Lairo,True,False,False,US39US0582,Jury,New School
US,US39,39,Karishma Patel,US0583,37.0,Houston,Texas,11.0,32.0,13.0,13th voted out,7th jury member,8,Lairo,True,False,False,US39US0583,Jury,New School
US,US39,39,Elaine Stott,US0584,41.0,Rockholds,Kentucky,12.0,35.0,14.0,14th voted out,8th jury member,7,Lairo,True,False,False,US39US0584,Jury,New School
US,US39,39,Dan Spilo,US0585,48.0,Los Angeles,California,13.0,36.0,15.0,Ejected,nan,6,Vokai,False,False,False,US39US0585,Voted out pre-jury,New School
US,US39,39,Janet Carbin,US0586,59.0,Palm Bay,Florida,13.0,37.0,16.0,15th voted out,9th jury member,5,Vokai,True,False,False,US39US0586,Jury,New School
US,US39,39,Lauren Beck,US0587,28.0,Glendale,California,13.0,38.0,17.0,Lost final 4 fire challenge,10th jury member,4,Vokai,True,False,False,US39US0587,Jury,New School
US,US39,39,Noura Salman,US0588,36.0,North Potomac,Maryland,13.0,39.0,18.0,2nd runner-up,nan,3,Vokai,False,True,False,US39US0588,Finalist,New School
US,US39,39,Dean Kowalski,US0589,28.0,New York City,New York,13.0,39.0,19.0,Runner-up,nan,2,Lairo,False,True,False,US39US0589,Finalist,New School
US,US39,39,Tommy Sheehan,US0590,26.0,Long Beach,New York,13.0,39.0,20.0,Sole Survivor,nan,1,Vokai,False,True,True,US39US0590,Winner,New School
US,US41,41,Eric Abraham,US0591,51.0,San Antonio,Texas,1.0,3.0,1.0,1st voted out,nan,18,Yase,False,False,False,US41US0591,Voted out pre-jury,New Era
US,US41,41,Sara Wilson,US0592,24.0,Boston,Massachusetts,1.0,3.0,2.0,2nd voted out,nan,17,Ua,False,False,False,US41US0592,Voted out pre-jury,New Era
US,US41,41,Heather Aldret,US0593,52.0,Charleston,South Carolina,13.0,25.0,15.0,Lost final 4 fire challenge,8th jury member,4,Luvu,True,False,False,US41US0593,Jury,New Era
US,US41,41,Erika Casupanan,US0594,32.0,Toronta,Ontario,13.0,26.0,18.0,Sole Survivor,nan,1,Luvu,False,True,True,US41US0594,Winner,New Era
US,US41,41,Genie Chen,US0595,46.0,Portland,Oregon,5.0,11.0,6.0,6th voted out,nan,13,Ua,False,False,False,US41US0595,Voted out pre-jury,New Era
US,US41,41,Ricard Foye,US0596,31.0,Sedro-Woolley,Washington,13.0,24.0,14.0,14th voted out,7th jury member,5,Ua,True,False,False,US41US0596,Jury,New Era
US,US41,41,Xander Hastings,US0597,20.0,Chicago,Illinois,13.0,26.0,16.0,2nd runner-up,nan,3,Yase,False,True,False,US41US0597,Finalist,New Era
US,US41,41,Evvie Jagoda,US0598,28.0,Arlington,Massachusetts,9.0,17.0,10.0,10th voted out,3rd jury member,9,Yase,True,False,False,US41US0598,Jury,New Era
US,US41,41,Danny McCray,US0599,33.0,Frisco,Texas,12.0,23.0,13.0,13th voted out,6th jury member,6,Luvu,True,False,False,US41US0599,Jury,New Era
US,US41,41,Naseer Muttalif,US0600,37.0,Morgan Hill,California,9.0,17.0,9.0,9th voted out,2nd jury member,10,Luvu,True,False,False,US41US0600,Jury,New Era
US,US41,41,Deshawn Radden,US0601,26.0,Miami,Florida,13.0,26.0,17.0,Runner-up,nan,2,Luvu,False,True,False,US41US0601,Finalist,New Era
US,US41,41,Brad Reese,US0602,50.0,Shawnee,Wyoming,3.0,7.0,4.0,4th voted out,nan,15,Ua,False,False,False,US41US0602,Voted out pre-jury,New Era
US,US41,41,Jairus Robinson,US0603,20.0,Oklahoma City,Oklahoma,4.0,9.0,5.0,5th voted out,nan,14,Ua,False,False,False,US41US0603,Voted out pre-jury,New Era
US,US41,41,Tiffany Seely,US0604,47.0,Plainview,New York,8.0,16.0,8.0,8th voted out,1st jury member,11,Yase,True,False,False,US41US0604,Jury,New Era
US,US41,41,Sydney Segal,US0605,26.0,Brooklyn,New York,7.0,14.0,7.0,7th voted out,nan,12,Luvu,False,False,False,US41US0605,Voted out pre-jury,New Era
US,US41,41,Shantel Smith,US0606,34.0,Washington,D.C.,10.0,19.0,11.0,11th voted out,4th jury member,8,Ua,True,False,False,US41US0606,Jury,New Era
US,US41,41,David Voce,US0607,35.0,Chicago,Illinois,2.0,5.0,3.0,3rd voted out,nan,16,Yase,False,False,False,US41US0607,Voted out pre-jury,New Era
US,US41,41,Liana Wallace,US0608,20.0,Washington,D.C.,11.0,21.0,12.0,12th voted out,5th jury member,7,Yase,True,False,False,US41US0608,Jury,New Era
US,US42,42,Chanelle Howell,US0609,28.0,New York City,New York,8.0,16.0,8.0,7th voted out,1st jury member,11,Vati,True,False,False,US42US0609,Jury,New Era
US,US42,42,Daniel Strunk,US0610,30.0,New Haven,Connecticut,5.0,11.0,6.0,5th voted out,nan,13,Vati,False,False,False,US42US0610,Voted out pre-jury,New Era
US,US42,42,Drea Wheeler,US0611,34.0,Montreal,Quebec,11.0,21.0,12.0,11th voted out,5th jury member,7,Ika,True,False,False,US42US0611,Jury,New Era
US,US42,42,Hai Giang,US0612,29.0,New Orleans,Louisiana,10.0,19.0,11.0,10th voted out,4th jury member,8,Vati,True,False,False,US42US0612,Jury,New Era
US,US42,42,Jackson Fox,US0613,47.0,Houston,Texas,1.0,3.0,1.0,Medically evacuated,nan,18,Taku,False,False,False,US42US0613,Voted out pre-jury,New Era
US,US42,42,Jenny Kim,US0614,43.0,Brooklyn,New York,3.0,7.0,4.0,3rd voted out,nan,15,Vati,False,False,False,US42US0614,Voted out pre-jury,New Era
US,US42,42,Jonathan Young,US0615,28.0,Gulf Shores,Alabama,13.0,25.0,15.0,Lost final 4 fire challenge,8th jury member,4,Taku,True,False,False,US42US0615,Jury,New Era
US,US50,50,Jonathan Young,US0615,,nan,nan,,,,nan,nan,12,nan,False,True,True,US50US0615,Winner,New Era
US,US42,42,Lindsay Dolashewich,US0616,30.0,Asbury Park,New Jersey,13.0,24.0,14.0,13th voted out,7th jury member,5,Taku,True,False,False,US42US0616,Jury,New Era
US,US42,42,Lydia Meredith,US0617,22.0,Santa Monica,California,7.0,14.0,7.0,6th voted out,nan,12,Vati,False,False,False,US42US0617,Voted out pre-jury,New Era
US,US42,42,Marya Sherron,US0618,47.0,Noblesville,Indiana,2.0,5.0,3.0,2nd voted out,nan,16,Taku,False,False,False,US42US0618,Voted out pre-jury,New Era
US,US42,42,Maryanne Oketch,US0619,24.0,Ajax,Ontario,13.0,26.0,18.0,Sole Survivor,nan,1,Taku,False,True,True,US42US0619,Winner,New Era
US,US42,42,Mike Turner,US0620,57.0,Hoboken,New Jersey,13.0,26.0,17.0,Runner-up,nan,2,Vati,False,True,False,US42US0620,Finalist,New Era
US,US42,42,Omar Zaheer,US0621,31.0,Whitby,Ontario,12.0,23.0,13.0,12th voted out,6th jury member,6,Taku,True,False,False,US42US0621,Jury,New Era
US,US42,42,Rocksroy Bailey,US0622,43.0,Las Vegas,Nevada,9.0,17.0,9.0,8th voted out,2nd jury member,10,Ika,True,False,False,US42US0622,Jury,New Era
US,US42,42,Romeo Escobar,US0623,37.0,Norwalk,California,13.0,26.0,16.0,2nd runner-up,nan,3,Ika,False,True,False,US42US0623,Finalist,New Era
US,US42,42,Swati Goel,US0624,19.0,Palo Alto,California,4.0,9.0,5.0,4th voted out,nan,14,Ika,False,False,False,US42US0624,Voted out pre-jury,New Era
US,US42,42,Tori Meehan,US0625,24.0,Rogers,Arizona,9.0,17.0,10.0,9th voted out,3rd jury member,9,Ika,True,False,False,US42US0625,Jury,New Era
US,US42,42,Zach Wurthenberger,US0626,21.0,St. Louis,Missouri,1.0,3.0,2.0,1st voted out,nan,17,Ika,False,False,False,US42US0626,Voted out pre-jury,New Era
US,US43,43,Cassidy Clark,US0627,26.0,Austin,Texas,13.0,26.0,17.0,Runner-up,nan,2,Coco,False,True,False,US43US0627,Finalist,New Era
US,US43,43,Cody Assenmacher,US0628,35.0,Honalulu,Hawaii,12.0,23.0,13.0,13th voted out,6th jury member,6,Vesi,True,False,False,US43US0628,Jury,New Era
US,US43,43,Dwight Moore,US0629,21.0,Collierville,Tennasse,7.0,14.0,7.0,7th voted out,nan,12,Vesi,False,False,False,US43US0629,Voted out pre-jury,New Era
US,US43,43,Elie Scott,US0630,31.0,Salt Lake City,Utah,6.0,13.0,6.0,6th voted out,nan,13,Baka,False,False,False,US43US0630,Voted out pre-jury,New Era
US,US43,43,Geo Bustamante,US0631,35.0,Honalulu,Hawaii,5.0,11.0,5.0,5th voted out,nan,14,Coco,False,False,False,US43US0631,Voted out pre-jury,New Era
US,US43,43,James Jones,US0632,36.0,Philadelphia,Pennsylvania,9.0,17.0,9.0,9th voted out,2nd jury member,10,Coco,True,False,False,US43US0632,Jury,New Era
US,US43,43,Jeanine Zheng,US0633,24.0,San Francisco,California,8.0,16.0,8.0,8th voted out,1st jury member,11,Baka,True,False,False,US43US0633,Jury,New Era
US,US43,43,Jesse Lopez,US0634,30.0,Durham,North Carolina,13.0,25.0,15.0,Lost final 4 fire challenge,8th jury member,4,Vesi,True,False,False,US43US0634,Jury,New Era
US,US43,43,Justine Brennan,US0635,29.0,Marina Del Ray,California,2.0,5.0,2.0,2nd voted out,nan,17,Vesi,False,False,False,US43US0635,Voted out pre-jury,New Era
US,US43,43,Karla Cruz Godoy,US0636,28.0,Dewark,Delaware,13.0,24.0,14.0,14th voted out,7th jury member,5,Coco,True,False,False,US43US0636,Jury,New Era
US,US43,43,Lindsay Carmine,US0637,42.0,Downington,Pennsylvania,4.0,9.0,4.0,4th voted out,nan,15,Coco,False,False,False,US43US0637,Voted out pre-jury,New Era
US,US43,43,Mike Gabler,US0638,51.0,Meridian,Idaho,13.0,26.0,18.0,Sole Survivor,nan,1,Baka,False,True,True,US43US0638,Winner,New Era
US,US43,43,Morriah Young,US0639,28.0,Philadelphia,Pennsylvania,1.0,3.0,1.0,1st voted out,nan,18,Baka,False,False,False,US43US0639,Voted out pre-jury,New Era
US,US43,43,Nneka Ejere,US0640,43.0,Weatherford,Texas,3.0,7.0,3.0,3rd voted out,nan,16,Vesi,False,False,False,US43US0640,Voted out pre-jury,New Era
US,US43,43,Noelle Lambert,US0641,25.0,Manchester,New Hampshire,10.0,19.0,11.0,11th voted out,4th jury member,8,Vesi,True,False,False,US43US0641,Jury,New Era
US,US43,43,Owen Knight,US0642,29.0,New Orleans,Louisiana,13.0,26.0,16.0,2nd runner-up,nan,3,Baka,False,True,False,US43US0642,Finalist,New Era
US,US43,43,Ryan Medrano,US0643,24.0,El Paso,Texas,9.0,17.0,10.0,10th voted out,3rd jury member,9,Coco,True,False,False,US43US0643,Jury,New Era
US,US43,43,Sami Layadi,US0644,19.0,Las Vegas,Nevada,11.0,21.0,12.0,12th voted out,5th jury member,7,Baka,True,False,False,US43US0644,Jury,New Era
US,US44,44,Brandon Cottom,US0645,29.0,Newtown,Pennsylvania,8.0,15.0,9.0,7th voted out,2nd jury member,10,Ratu,True,False,False,US44US0645,Jury,New Era
US,US44,44,Jaime Lynn Ruiz,US0646,35.0,Mesa,Arizona,12.0,23.0,13.0,11th voted out,6th jury member,6,Ratu,True,False,False,US44US0646,Jury,New Era
US,US44,44,Kane Fritzler,US0647,24.0,Saskatoon,Saskatchewan,9.0,17.0,10.0,8th voted out,3rd jury member,9,Ratu,True,False,False,US44US0647,Jury,New Era
US,US44,44,Lauren Harpe,US0648,30.0,Mont Belvieu,Texas,13.0,24.0,14.0,12th voted out,7th jury member,5,Ratu,True,False,False,US44US0648,Jury,New Era
US,US44,44,Maddy Pomilla,US0649,28.0,Brooklyn,New York,1.0,3.0,2.0,1st voted out,nan,17,Ratu,False,False,False,US44US0649,Voted out pre-jury,New Era
US,US44,44,Matthew Grinstead-Mayle,US0650,43.0,Columbus,Ohio,5.0,11.0,6.0,Medically evacuated,nan,13,Ratu,False,False,False,US44US0650,Voted out pre-jury,New Era
US,US44,44,Claire Rafson,US0651,25.0,Brooklyn,New York,3.0,7.0,4.0,3rd voted out,nan,15,Soka,False,False,False,US44US0651,Voted out pre-jury,New Era
US,US44,44,Danny Massa,US0652,31.0,Bronx,New York,11.0,21.0,12.0,10th voted out,5th jury member,7,Soka,True,False,False,US44US0652,Jury,New Era
US,US44,44,Frannie Marin,US0653,23.0,Cambridge,Massachusetts,10.0,19.0,11.0,9th voted out,4th jury member,8,Soka,True,False,False,US44US0653,Jury,New Era
US,US44,44,Heidi Lagares-Greenblatt,US0654,42.0,Pittsburgh,Pennsylvania,13.0,26.0,17.0,Runner-up,nan,2,Soka,False,True,False,US44US0654,Finalist,New Era
US,US44,44,Josh Wilder,US0655,34.0,Atlanta,Georgia,6.0,13.0,7.0,5th voted out,nan,12,Soka,False,False,False,US44US0655,Voted out pre-jury,New Era
US,US44,44,Matt Blankinship,US0656,27.0,San Francisco,Calafornia,7.0,14.0,8.0,6th voted out,1st jury member,11,Soka,True,False,False,US44US0656,Jury,New Era
US,US44,44,Bruce Perreault,US0657,45.0,Warwick,Rhode Island,1.0,1.0,1.0,Medically evacuated,nan,18,Tika,False,False,False,US44US0657,Voted out pre-jury,New Era
US,US45,45,Bruce Perreault,US0657,46.0,Warwick,Rhode Island,10.0,19.0,11.0,10th voted out,4th jury member,8,Belo,True,False,False,US45US0657,Jury,New Era
US,US44,44,Carolyn Wiger,US0658,35.0,Hugo,Minnesota,13.0,26.0,16.0,2nd runner-up,nan,3,Tika,False,True,False,US44US0658,Finalist,New Era
US,US44,44,Carson Garrett,US0659,20.0,Atlanta,Georgia,13.0,25.0,15.0,Lost final 4 fire challenge,8th jury member,4,Tika,True,False,False,US44US0659,Jury,New Era
US,US44,44,Helen Li,US0660,28.0,San Francisco,Calafornia,2.0,5.0,3.0,2nd voted out,nan,16,Tika,False,False,False,US44US0660,Voted out pre-jury,New Era
US,US44,44,Sarah Wade,US0661,26.0,Chicago,Illinois,4.0,9.0,5.0,4th voted out,nan,14,Tika,False,False,False,US44US0661,Voted out pre-jury,New Era
US,US44,44,Yam Yam Arocho,US0662,35.0,San Juan,Puerto Rico,13.0,26.0,18.0,Sole Survivor,nan,1,Tika,False,True,True,US44US0662,Winner,New Era
US,US45,45,Austin Li Coon,US0663,26.0,Chicago,Illinois,13.0,26.0,17.0,Runner-up,nan,2,Reba,False,True,False,US45US0663,Finalist,New Era
US,US45,45,Brando Meyer,US0664,23.0,Seattle,Washington,5.0,11.0,5.0,4th voted out,nan,14,Belo,False,False,False,US45US0664,Voted out pre-jury,New Era
US,US45,45,Brandon Donlon,US0665,25.0,Sicklerville,New Jersey,2.0,5.0,2.0,1st voted out,nan,17,Lulu,False,False,False,US45US0665,Voted out pre-jury,New Era
US,US45,45,Dee Valladares,US0666,26.0,Miami,Florida,13.0,26.0,18.0,Sole Survivor,nan,1,Reba,False,True,True,US45US0666,Winner,New Era
US,US50,50,Dee Valladares,US0666,,nan,nan,,,,nan,nan,11,nan,False,True,True,US50US0666,Winner,New Era
US,US45,45,Drew Basile,US0667,23.0,Philadelphia,Pensylvania,12.0,23.0,13.0,12th voted out,6th jury member,6,Reba,True,False,False,US45US0667,Jury,New Era
US,US45,45,Emily Flippen,US0668,28.0,Laurel,Maryland,11.0,21.0,12.0,11th voted out,5th jury member,7,Lulu,True,False,False,US45US0668,Jury,New Era
US,US50,50,Emily Flippen,US0668,,nan,nan,,,,nan,nan,10,nan,False,True,True,US50US0668,Winner,New Era
US,US45,45,Hannah Rose,US0669,33.0,Baltimore City,Maryland,1.0,3.0,1.0,Quit,nan,18,Lulu,False,False,False,US45US0669,Voted out pre-jury,New Era
US,US45,45,J. Maya,US0670,24.0,Los Angeles,California,6.0,13.0,6.0,5th voted out,nan,13,Reba,False,False,False,US45US0670,Voted out pre-jury,New Era
US,US45,45,Jake O'Kane,US0671,26.0,Boston,Massachusetts,13.0,26.0,16.0,2nd runner-up,nan,3,Belo,False,True,False,US45US0671,Finalist,New Era
US,US45,45,Julie Alley,US0672,49.0,Brentwood,Tennessee,13.0,24.0,14.0,13th voted out,7th jury member,5,Reba,True,False,False,US45US0672,Jury,New Era
US,US45,45,Kaleb Gebrewold,US0673,29.0,Vancouver,British Columbia,7.0,14.0,8.0,7th voted out,1st jury member,11,Lulu,True,False,False,US45US0673,Jury,New Era
US,US45,45,Katurah Topps,US0674,34.0,Brooklyn,New York,13.0,25.0,15.0,Lost final 4 fire challenge,8th jury member,4,Belo,True,False,False,US45US0674,Jury,New Era
US,US45,45,Kellie Nalbandian,US0675,30.0,New York,New York,8.0,16.0,9.0,8th voted out,2nd jury member,10,Belo,True,False,False,US45US0675,Jury,New Era
US,US45,45,Kendra McQuarrie,US0676,30.0,Steamboat Springs,Colorado,9.0,17.0,10.0,9th voted out,3rd jury member,9,Belo,True,False,False,US45US0676,Jury,New Era
US,US45,45,Sabiyah Broderick,US0677,27.0,Jacksonville,North Carolina,3.0,7.0,3.0,2nd voted out,nan,16,Lulu,False,False,False,US45US0677,Voted out pre-jury,New Era
US,US45,45,Sean Edwards,US0678,34.0,Provo-Orem,Utah,4.0,9.0,4.0,3rd voted out; Quit,nan,15,Lulu,False,False,False,US45US0678,Voted out pre-jury,New Era
US,US45,45,Sifu Alsup,US0679,30.0,O'Fallon,Illinois,7.0,14.0,7.0,6th voted out,nan,12,Reba,False,False,False,US45US0679,Voted out pre-jury,New Era
US,US46,46,Ben Katzman,US0680,31.0,Miami,Florida,13.0,26.0,16.0,2nd runner-up,nan,3,Siga,False,True,False,US46US0680,Finalist,New Era
US,US46,46,Bhanu Gopal,US0681,41.0,Acton,Massachusetts,4.0,9.0,4.0,3rd voted out,nan,15,Yanu,False,False,False,US46US0681,Voted out pre-jury,New Era
US,US46,46,Charlie Davis,US0682,25.0,Boston,Massachusetts,13.0,26.0,17.0,Runner-up,nan,2,Siga,False,True,False,US46US0682,Finalist,New Era
US,US50,50,Charlie Davis,US0682,,nan,nan,,,,nan,nan,9,nan,False,True,True,US50US0682,Winner,New Era
US,US46,46,David Jelinsky,US0683,21.0,Las Vegas,Nevada,1.0,3.0,1.0,1st voted out,nan,18,Yanu,False,False,False,US46US0683,Voted out pre-jury,New Era
US,US46,46,Hunter McKnight,US0684,27.0,French Camp,Mississippi,9.0,17.0,10.0,9th voted out,3rd jury member,9,Nami,True,False,False,US46US0684,Jury,New Era
US,US46,46,Jem Hussain-Adams,US0685,31.0,Chicago,Illinois,5.0,11.0,5.0,4th voted out,nan,14,Siga,False,False,False,US46US0685,Voted out pre-jury,New Era
US,US46,46,Jess Chong,US0686,37.0,San Francisco,California,2.0,5.0,2.0,2nd voted out,nan,17,Yanu,False,False,False,US46US0686,Voted out pre-jury,New Era
US,US46,46,Kenzie Petty,US0687,28.0,Charlotte,North Carolina,13.0,26.0,18.0,Sole Survivor,nan,1,Yanu,False,True,True,US46US0687,Winner,New Era
US,US46,46,Liz Wilcox,US0688,35.0,Orlando,Florida,13.0,25.0,15.0,Lost final 4 fire challenge,8th jury member,4,Nami,True,False,False,US46US0688,Jury,New Era
US,US46,46,Maria Shrime Gonzalez,US0689,47.0,Dallas,Texas,13.0,24.0,14.0,13th voted out,7th jury member,5,Siga,True,False,False,US46US0689,Jury,New Era
US,US46,46,Moriah Gaynor,US0690,28.0,San Diego,California,6.0,13.0,6.0,5th voted out,nan,13,Siga,False,False,False,US46US0690,Voted out pre-jury,New Era
US,US46,46,Q Burdette,US0691,29.0,Memphis,Tennessee,12.0,23.0,13.0,12th voted out,6th jury member,6,Yanu,True,False,False,US46US0691,Jury,New Era
US,US50,50,Q Burdette,US0691,,nan,nan,,,,nan,nan,8,nan,False,True,True,US50US0691,Winner,New Era
US,US46,46,Randen Montalvo,US0692,40.0,Orlando,Florida,3.0,7.0,3.0,Medically evacuated,nan,16,Nami,False,False,False,US46US0692,Voted out pre-jury,New Era
US,US46,46,Soda Thompson,US0693,27.0,Lake Hopatcong,New Jersey,7.0,14.0,8.0,7th voted out,1st jury member,11,Nami,True,False,False,US46US0693,Jury,New Era
US,US46,46,Tevin Davis,US0694,24.0,Richmond,Virginia,8.0,16.0,9.0,8th voted out,2nd jury member,10,Nami,True,False,False,US46US0694,Jury,New Era
US,US46,46,Tiffany Nicole Ervin,US0695,32.0,Elizabeth,New Jersey,10.0,19.0,11.0,10th voted out,4th jury member,8,Yanu,True,False,False,US46US0695,Jury,New Era
US,US50,50,Tiffany Nicole Ervin,US0695,,nan,nan,,,,nan,nan,7,nan,False,True,True,US50US0695,Winner,New Era
US,US46,46,Tim Spicer,US0696,30.0,Atlanta,Georgia,7.0,14.0,7.0,6th voted out,nan,12,Siga,False,False,False,US46US0696,Voted out pre-jury,New Era
US,US46,46,Venus Vafa,US0697,24.0,Toronto,Ontario,11.0,21.0,12.0,11th voted out,5th jury member,7,Nami,True,False,False,US46US0697,Jury,New Era
US,US47,47,Andy Rueda,US0698,31.0,Buffalo,New York,13.0,23.0,13.0,13th voted out,6th jury memmber,6,Gata,True,False,False,US47US0698,Jury,New Era
US,US47,47,Anika Dhar,US0699,26.0,Los Angeles,California,5.0,10.0,5.0,5th voted out,nan,14,Gata,False,False,False,US47US0699,Voted out pre-jury,New Era
US,US47,47,Aysha Welch,US0700,32.0,Houston,Texas,3.0,7.0,3.0,3rd voted out,nan,16,Lavo,False,False,False,US47US0700,Voted out pre-jury,New Era
US,US47,47,Caroline Vidmar,US0701,27.0,Chicago,Illinois,12.0,22.0,12.0,12th voted out,5th jury member,7,Tuku,True,False,False,US47US0701,Jury,New Era
US,US47,47,Gabe Ortis,US0702,26.0,Baltimore,Maryland,10.0,18.0,10.0,10th voted out,3rd jury member,9,Tuku,True,False,False,US47US0702,Jury,New Era
US,US47,47,Genevieve Mushaluk,US0703,32.0,Winnipeg,Manitoba,13.0,24.0,14.0,14th voted out,7th jury member,5,Lavo,True,False,False,US47US0703,Jury,New Era
US,US50,50,Genevieve Mushaluk,US0703,,nan,nan,,,,nan,nan,6,nan,False,True,True,US50US0703,Winner,New Era
US,US47,47,Jon Lovett,US0704,41.0,Los Angeles,California,1.0,3.0,1.0,1st voted out,nan,18,Gata,False,False,False,US47US0704,Voted out pre-jury,New Era
US,US47,47,Kishan Patel,US0705,27.0,San Francisco,California,4.0,8.0,4.0,4th voted out,nan,15,Lavo,False,False,False,US47US0705,Voted out pre-jury,New Era
US,US47,47,Kyle Ostwald,US0706,31.0,Cheboygan,Michigan,11.0,20.0,11.0,11th voted out,4th jury member,8,Tuku,True,False,False,US47US0706,Jury,New Era
US,US47,47,Rachel LaMont,US0707,34.0,Southfield,Michigan,14.0,26.0,18.0,Sole Survivor,nan,1,Gata,False,True,True,US47US0707,Winner,New Era
US,US47,47,Rome Cooney,US0708,30.0,Phoenix,Arizona,6.0,12.0,6.0,6th voted out,nan,13,Lavo,False,False,False,US47US0708,Voted out pre-jury,New Era
US,US47,47,Sam Phalen,US0709,24.0,Nashville,Tennessee,14.0,26.0,17.0,Runner-up,nan,2,Gata,False,True,False,US47US0709,Finalist,New Era
US,US47,47,Sierra Wright,US0710,26.0,Phoenixville,Pennsylvania,8.0,15.0,8.0,8th voted out,1st jury member,11,Gata,True,False,False,US47US0710,Jury,New Era
US,US47,47,Sol Yi,US0711,43.0,Norwalk,Connecticut,9.0,16.0,9.0,9th voted out,2nd jury member,10,Lavo,True,False,False,US47US0711,Jury,New Era
US,US47,47,Sue Smey,US0712,58.0,Putnam Valley,New York,14.0,26.0,16.0,2nd runner-up,nan,3,Tuku,False,True,False,US47US0712,Finalist,New Era
US,US47,47,Teeny Chirichillo,US0713,23.0,Manahawkin,New Jersey,14.0,25.0,15.0,Eliminated,8th jury member,4,Lavo,True,False,False,US47US0713,Jury,New Era
US,US47,47,Tiyana Hallums,US0714,27.0,Aiea,Hawaii,7.0,13.0,7.0,7th voted out,nan,12,Tuku,False,False,False,US47US0714,Voted out pre-jury,New Era
US,US47,47,TK Foster,US0715,31.0,Upper Marlboro,Maryland,2.0,5.0,2.0,2nd voted out,nan,17,Tuku,False,False,False,US47US0715,Voted out pre-jury,New Era
US,US48,48,Bianca Roses,US0716,32.0,Arlington,Virginia,5.0,11.0,5.0,5th voted out,nan,14,Lagi,False,False,False,US48US0716,Voted out pre-jury,New Era
US,US48,48,Cedrek McFadden,US0717,45.0,Greenville,South Carolina,7.0,14.0,8.0,8th voted out,1st jury member,11,Vula,True,False,False,US48US0717,Jury,New Era
US,US48,48,Charity Nelms,US0718,33.0,St. Petersburg,Florida,6.0,13.0,6.0,6th voted out,nan,13,Civa,False,False,False,US48US0718,Voted out pre-jury,New Era
US,US48,48,Chrissy Sarnowsky,US0719,54.0,Chicago,Illinois,8.0,15.0,9.0,9th voted out,2nd jury member,10,Civa,True,False,False,US48US0719,Jury,New Era
US,US48,48,David Kinne,US0720,38.0,Buena Park,California,9.0,17.0,10.0,10th voted out,3rd jury member,9,Civa,True,False,False,US48US0720,Jury,New Era
US,US48,48,Eva Erickson,US0721,23.0,Providence,Rhode Island,13.0,26.0,17.0,Runner-up,nan,2,Lagi,False,True,False,US48US0721,Finalist,New Era
US,US48,48,Joe Hunter,US0722,45.0,West Sacramento,California,13.0,26.0,16.0,2nd runner-up,nan,3,Lagi,False,True,False,US48US0722,Finalist,New Era
US,US50,50,Joe Hunter,US0722,,nan,nan,,,,nan,nan,5,nan,False,True,True,US50US0722,Winner,New Era
US,US48,48,Justin Pioppi,US0723,29.0,Winthrop,Massachusetts,3.0,7.0,3.0,3rd voted out,nan,16,Vula,False,False,False,US48US0723,Voted out pre-jury,New Era
US,US48,48,Kamilla Karthigesu,US0724,30.0,Foster City,California,13.0,25.0,15.0,Eliminated,8th jury member,4,Civa,True,False,False,US48US0724,Jury,New Era
US,US50,50,Kamilla Karthigesu,US0724,,nan,nan,,,,nan,nan,4,nan,False,True,True,US50US0724,Winner,New Era
US,US48,48,Kevin Leung,US0725,33.0,Livermore,California,2.0,5.0,2.0,2nd voted out,nan,17,Vula,False,False,False,US48US0725,Voted out pre-jury,New Era
US,US48,48,Kyle Fraser,US0726,30.0,Brooklyn,New York,13.0,26.0,18.0,Sole Survivor,nan,1,Civa,False,True,True,US48US0726,Winner,New Era
US,US50,50,Kyle Fraser,US0726,,nan,nan,,,,nan,nan,3,nan,False,True,True,US50US0726,Winner,New Era
US,US48,48,Mary Zheng,US0727,30.0,Philadelphia,Pennsylvania,11.0,21.0,12.0,12th voted out,5th jury member,7,Vula,True,False,False,US48US0727,Jury,New Era
US,US48,48,Mitch Guerra,US0728,34.0,Waco,Texas,13.0,24.0,14.0,14th voted out,7th jury member,5,Civa,True,False,False,US48US0728,Jury,New Era
US,US48,48,Sai Hughley,US0729,29.0,Simi Valley,California,7.0,14.0,7.0,7th voted out,nan,12,Vula,False,False,False,US48US0729,Voted out pre-jury,New Era
US,US48,48,Shauhin Davari,US0730,37.0,Costa Mesa,California,12.0,23.0,13.0,13th voted out,6th jury member,6,Lagi,True,False,False,US48US0730,Jury,New Era
US,US48,48,Star Toomey,US0731,27.0,Augusta,Georgia,10.0,19.0,11.0,11th voted out,4th jury member,8,Lagi,True,False,False,US48US0731,Jury,New Era
US,US48,48,Stephanie Berger,US0732,37.0,Brooklyn,New York,1.0,2.0,1.0,1st voted out,nan,18,Vula,False,False,False,US48US0732,Voted out pre-jury,New Era
US,US48,48,Thomas Krottinger,US0733,34.0,Los Angeles,California,4.0,9.0,4.0,4th voted out,nan,15,Lagi,False,False,False,US48US0733,Voted out pre-jury,New Era
US,US49,49,TBD1,US0734,,nan,nan,,,,nan,nan,18,nan,False,True,True,US49US0734,Winner,New Era
US,US50,50,TBD1,US0734,,nan,nan,,,,nan,nan,2,nan,False,True,True,US50US0734,Winner,New Era
US,US49,49,TBD2,US0735,,nan,nan,,,,nan,nan,17,nan,False,True,True,US49US0735,Winner,New Era
US,US50,50,TBD2,US0735,,nan,nan,,,,nan,nan,1,nan,False,True,True,US50US0735,Winner,New Era
US,US49,49,TBD3,US0736,,nan,nan,,,,nan,nan,16,nan,False,True,True,US49US0736,Winner,New Era
US,US49,49,TBD4,US0737,,nan,nan,,,,nan,nan,15,nan,False,True,True,US49US0737,Winner,New Era
US,US49,49,TBD5,US0738,,nan,nan,,,,nan,nan,14,nan,False,True,True,US49US0738,Winner,New Era
US,US49,49,TBD6,US0739,,nan,nan,,,,nan,nan,13,nan,False,True,True,US49US0739,Winner,New Era
US,US49,49,TBD7,US0740,,nan,nan,,,,nan,nan,12,nan,False,True,True,US49US0740,Winner,New Era
US,US49,49,TBD8,US0741,,nan,nan,,,,nan,nan,11,nan,False,True,True,US49US0741,Winner,New Era
US,US49,49,TBD9,US0742,,nan,nan,,,,nan,nan,10,nan,False,True,True,US49US0742,Winner,New Era
US,US49,49,TBD10,US0743,,nan,nan,,,,nan,nan,9,nan,False,True,True,US49US0743,Winner,New Era
US,US49,49,TBD11,US0744,,nan,nan,,,,nan,nan,8,nan,False,True,True,US49US0744,Winner,New Era
US,US49,49,TBD12,US0745,,nan,nan,,,,nan,nan,7,nan,False,True,True,US49US0745,Winner,New Era
US,US49,49,TBD13,US0746,,nan,nan,,,,nan,nan,6,nan,False,True,True,US49US0746,Winner,New Era
US,US49,49,TBD14,US0747,,nan,nan,,,,nan,nan,5,nan,False,True,True,US49US0747,Winner,New Era
US,US49,49,TBD15,US0748,,nan,nan,,,,nan,nan,4,nan,False,True,True,US49US0748,Winner,New Era
US,US49,49,TBD16,US0749,,nan,nan,,,,nan,nan,3,nan,False,True,True,US49US0749,Winner,New Era
US,US49,49,TBD17,US0750,,nan,nan,,,,nan,nan,2,nan,False,True,True,US49US0750,Winner,New Era
US,US49,49,TBD18,US0751,,nan,nan,,,,nan,nan,1,nan,False,True,True,US49US0751,Winner,New Era
